DATE,HOUR,lon,lat,YEAR,killed,injured
12/31/2015,4,-73.9301534,40.752013,2015,0,0
12/31/2015,4,-73.8915579,40.6354759,2015,0,1
12/30/2015,4,-73.7258224,40.6816365,2015,0,0
12/30/2015,4,-73.9408539,40.8141049,2015,0,0
12/29/2015,4,-73.8610116,40.834597,2015,0,1
12/29/2015,4,-73.9907077,40.6891376,2015,0,0
12/29/2015,4,-73.9170643,40.8636899,2015,0,0
12/27/2015,4,-73.9249432,40.8275118,2015,0,0
12/27/2015,4,-73.8577324,40.8927532,2015,0,0
12/27/2015,4,-73.9195789,40.6558432,2015,0,0
12/27/2015,4,-73.9124694,40.8416191,2015,0,1
12/27/2015,4,-73.8236242,40.8661615,2015,0,0
12/27/2015,4,-73.8776702,40.7367523,2015,0,0
12/27/2015,4,-73.8989268,40.7562991,2015,0,0
12/27/2015,4,-73.788475,40.6713276,2015,0,0
12/27/2015,4,-73.9493936,40.8354859,2015,0,1
12/27/2015,4,-73.9881885,40.6004123,2015,0,5
12/27/2015,4,-73.9390977,40.6882902,2015,0,3
12/26/2015,4,-73.7537515,40.6657321,2015,0,0
12/26/2015,4,-73.9808868,40.7592705,2015,0,0
12/26/2015,4,-73.9353011,40.6842287,2015,0,0
12/26/2015,4,-73.8330138,40.7283926,2015,0,0
12/26/2015,4,-74.0758098,40.638513,2015,0,0
12/26/2015,4,-73.9507928,40.7791801,2015,0,0
12/26/2015,4,-73.9292434,40.7967405,2015,0,0
12/25/2015,4,-73.8986765,40.6336818,2015,0,0
12/25/2015,4,-73.9550764,40.8200975,2015,0,0
12/25/2015,4,-73.8802047,40.7480249,2015,0,0
12/25/2015,4,-73.8784035,40.7600423,2015,0,0
12/25/2015,4,-73.8599941,40.7531129,2015,0,0
12/25/2015,4,-73.9404204,40.7010761,2015,0,2
12/24/2015,4,-73.9235659,40.6424981,2015,0,0
12/24/2015,4,-73.8696114,40.7078356,2015,0,0
12/24/2015,4,-73.8833146,40.6919146,2015,0,0
12/24/2015,4,-73.8833146,40.6919146,2015,0,0
12/24/2015,4,-73.8552678,40.7439395,2015,0,2
12/24/2015,4,-73.8818034,40.8152123,2015,0,0
12/23/2015,4,-73.8204991,40.678749,2015,0,0
12/23/2015,4,-73.8139159,40.6977532,2015,0,0
12/23/2015,4,-73.9700881,40.6437465,2015,0,1
12/23/2015,4,-74.1119548,40.6332575,2015,0,0
12/23/2015,4,-73.9405585,40.7889493,2015,0,0
12/22/2015,4,-74.0756451,40.6266639,2015,0,0
12/22/2015,4,-73.9514819,40.7304639,2015,0,0
12/22/2015,4,-73.9372674,40.7404589,2015,0,0
12/21/2015,4,-73.8833811,40.7498452,2015,0,0
12/21/2015,4,-73.9985895,40.7170989,2015,0,0
12/21/2015,4,-73.8211022,40.6958225,2015,0,0
12/21/2015,4,-73.7917688,40.7617326,2015,0,0
12/21/2015,4,-73.9517434,40.777874,2015,0,0
12/20/2015,4,-73.9171189,40.6981083,2015,0,0
12/20/2015,4,-74.1232208,40.6292495,2015,0,0
12/20/2015,4,-73.9422507,40.6366269,2015,0,0
12/20/2015,4,-73.7653955,40.6920664,2015,0,0
12/20/2015,4,-73.954162,40.7128032,2015,0,0
12/20/2015,4,-74.0309361,40.6056732,2015,0,1
12/20/2015,4,-73.9356863,40.737833,2015,0,1
12/20/2015,4,-73.9607374,40.692425,2015,0,5
12/20/2015,4,-73.8119312,40.7023404,2015,0,0
12/20/2015,4,-73.952663,40.6524883,2015,0,0
12/20/2015,4,-73.9474653,40.6490386,2015,0,0
12/20/2015,4,-73.933443,40.7143843,2015,0,1
12/20/2015,4,-73.9529869,40.678723,2015,0,1
12/20/2015,4,-73.9131023,40.882812,2015,0,0
12/20/2015,4,-73.9166906,40.6742806,2015,0,0
12/20/2015,4,-74.0068099,40.7440605,2015,0,0
12/19/2015,4,-73.7946223,40.7864955,2015,0,0
12/19/2015,4,-73.9314803,40.6620514,2015,0,0
12/19/2015,4,-73.9314803,40.6620514,2015,0,0
12/19/2015,4,-73.9314803,40.6620514,2015,0,0
12/19/2015,4,-73.860862,40.8870975,2015,0,0
12/19/2015,4,-73.9128683,40.7743626,2015,0,2
12/19/2015,4,-74.0070218,40.6321095,2015,0,0
12/19/2015,4,-73.8398215,40.7098297,2015,0,0
12/19/2015,4,-73.9087985,40.6958458,2015,0,1
12/19/2015,4,-74.1852568,40.5327247,2015,0,0
12/19/2015,4,-73.9918914,40.7696387,2015,0,0
12/18/2015,4,-73.9085154,40.7688806,2015,0,0
12/18/2015,4,-74.0010934,40.736562,2015,0,0
12/18/2015,4,-73.9442652,40.7137945,2015,0,1
12/17/2015,4,-73.9030083,40.8163189,2015,0,1
12/17/2015,4,-73.86657,40.7677145,2015,0,1
12/17/2015,4,-73.9963374,40.7380441,2015,0,0
12/16/2015,4,-73.8548291,40.902205,2015,0,0
12/16/2015,4,-73.9665842,40.7615508,2015,0,1
12/16/2015,4,-73.9155117,40.7056278,2015,0,0
12/16/2015,4,-73.8275254,40.7225251,2015,1,0
12/15/2015,4,-73.8099023,40.6666555,2015,0,4
12/15/2015,4,-73.9233379,40.7437003,2015,0,0
12/14/2015,4,-73.8222478,40.6649593,2015,0,2
12/14/2015,4,-73.9961894,40.6665019,2015,0,0
12/14/2015,4,-73.9136994,40.7654813,2015,0,0
12/14/2015,4,-73.9414808,40.5983037,2015,0,0
12/14/2015,4,-73.8654655,40.8408575,2015,0,0
12/13/2015,4,-73.9858504,40.6052099,2015,0,0
12/13/2015,4,-73.8710016,40.822562,2015,0,0
12/13/2015,4,-73.9504063,40.7066527,2015,0,0
12/13/2015,4,-74.0280795,40.6307531,2015,0,0
12/13/2015,4,-73.9221959,40.7604754,2015,0,0
12/13/2015,4,-74.0004979,40.7299883,2015,0,1
12/13/2015,4,-73.8545011,40.675259,2015,0,0
12/13/2015,4,-73.9583072,40.584904,2015,0,0
12/13/2015,4,-73.9180132,40.8623951,2015,0,0
12/12/2015,4,-73.874874,40.8730168,2015,0,0
12/12/2015,4,-73.9969136,40.7627496,2015,0,0
12/12/2015,4,-73.8161764,40.717943,2015,0,0
12/12/2015,4,-73.9804246,40.7598989,2015,0,1
12/11/2015,4,-73.8216397,40.6148713,2015,0,1
12/11/2015,4,-73.8820419,40.7540543,2015,0,1
12/11/2015,4,-73.750341,40.679351,2015,0,0
12/11/2015,4,-73.832643,40.7188118,2015,0,0
12/11/2015,4,-74.0052275,40.721743,2015,0,0
12/11/2015,4,-73.9942647,40.7115928,2015,0,0
12/11/2015,4,-73.9451536,40.8464674,2015,0,0
12/11/2015,4,-73.8854886,40.7457933,2015,0,0
12/11/2015,4,-74.167534,40.5449115,2015,0,0
12/11/2015,4,-74.1933363,40.5922093,2015,0,2
12/11/2015,4,-74.0765355,40.6334622,2015,0,0
12/10/2015,4,-73.7821904,40.7599966,2015,0,1
12/10/2015,4,-73.9930954,40.7179222,2015,0,0
12/10/2015,4,-73.8949385,40.7443216,2015,0,0
12/09/2015,4,-73.9071901,40.659619,2015,0,0
12/09/2015,4,-73.9071901,40.659619,2015,0,0
12/09/2015,4,-73.9071901,40.659619,2015,0,0
12/09/2015,4,-73.8853999,40.814107,2015,0,0
12/09/2015,4,-73.9055716,40.8557873,2015,0,0
12/08/2015,4,-73.9598908,40.7030333,2015,0,1
12/07/2015,4,-73.9176873,40.8160806,2015,0,0
12/07/2015,4,-73.9871799,40.7332923,2015,0,0
12/07/2015,4,-73.845304,40.669236,2015,0,0
08/16/2015,4,-73.8508811,40.7375562,2015,0,0
08/16/2015,4,-73.8508811,40.7375562,2015,0,0
12/06/2015,4,-73.9813415,40.7470784,2015,0,0
12/06/2015,4,-73.8370922,40.7240823,2015,0,0
12/06/2015,4,-73.9558605,40.8037448,2015,0,1
12/06/2015,4,-73.8552926,40.7025952,2015,0,1
12/06/2015,4,-73.9580577,40.7217327,2015,0,0
12/06/2015,4,-73.856731,40.7045623,2015,0,1
12/06/2015,4,-73.8696833,40.6981572,2015,0,0
12/06/2015,4,-73.8365916,40.7113851,2015,0,0
12/06/2015,4,-73.8762443,40.7681288,2015,0,0
12/06/2015,4,-73.8525689,40.6947829,2015,0,0
12/06/2015,4,-73.9945276,40.760927,2015,0,0
12/06/2015,4,-73.9089033,40.7748619,2015,0,0
12/06/2015,4,-73.9881786,40.7377307,2015,0,0
12/06/2015,4,-73.9882,40.7185558,2015,0,0
12/05/2015,4,-73.9019135,40.8580925,2015,0,0
12/05/2015,4,-73.9027267,40.8458491,2015,0,0
12/05/2015,4,-73.8906229,40.6585778,2015,0,0
12/05/2015,4,-73.9831689,40.7561391,2015,0,0
12/05/2015,4,-73.9903149,40.7616074,2015,0,0
12/05/2015,4,-73.8261593,40.7155546,2015,0,0
12/05/2015,4,-73.9411497,40.7002805,2015,0,0
12/05/2015,4,-73.9500574,40.767373,2015,0,0
12/05/2015,4,-73.9464798,40.7948616,2015,0,2
12/05/2015,4,-73.7388632,40.6770886,2015,0,2
12/05/2015,4,-73.9821209,40.6802546,2015,0,0
12/05/2015,4,-73.9285984,40.8626134,2015,0,0
12/05/2015,4,-73.9339524,40.7026755,2015,0,1
12/04/2015,4,-74.0056304,40.7507879,2015,0,0
12/04/2015,4,-73.9754821,40.781952,2015,0,0
12/04/2015,4,-73.9579029,40.7611802,2015,0,0
12/03/2015,4,-73.9763589,40.6107858,2015,0,0
12/03/2015,4,-73.9762353,40.7656758,2015,0,0
12/03/2015,4,-73.931938,40.6480615,2015,0,1
12/03/2015,4,-73.9927692,40.665508,2015,0,0
12/02/2015,4,-73.9648018,40.7599831,2015,0,0
12/02/2015,4,-73.8685899,40.7326093,2015,0,0
12/02/2015,4,-74.1171993,40.634567,2015,0,0
12/02/2015,4,-73.8842138,40.6736212,2015,0,3
12/01/2015,4,-73.8640166,40.8955219,2015,0,0
12/01/2015,4,-73.7537175,40.6095362,2015,0,0
12/01/2015,4,-73.9625151,40.7631141,2015,0,0
12/01/2015,4,-73.8775979,40.7545135,2015,0,0
12/01/2015,4,-73.9253747,40.8326282,2015,0,1
11/30/2015,4,-73.8788616,40.7562413,2015,0,0
11/30/2015,4,-73.990276,40.7565681,2015,0,0
11/30/2015,4,-73.8772171,40.6941451,2015,0,0
11/30/2015,4,-73.9306857,40.6636209,2015,0,0
11/30/2015,4,-73.8189131,40.6958547,2015,0,0
11/29/2015,4,-73.8909872,40.8701594,2015,0,0
11/29/2015,4,-73.9080899,40.6761899,2015,0,0
11/29/2015,4,-73.9964435,40.7101986,2015,0,0
11/29/2015,4,-73.9230657,40.7356278,2015,0,0
11/29/2015,4,-73.90755,40.8628153,2015,0,2
11/29/2015,4,-73.9498624,40.681804,2015,0,0
11/29/2015,4,-73.9317744,40.8009801,2015,0,0
11/29/2015,4,-73.928315,40.6257854,2015,0,0
11/29/2015,4,-74.0059929,40.7286762,2015,0,0
11/29/2015,4,-74.0068099,40.7440605,2015,0,0
11/29/2015,4,-73.960614,40.663303,2015,0,0
11/29/2015,4,-73.8786294,40.6796759,2015,0,0
11/28/2015,4,-73.9019794,40.6343544,2015,0,0
11/28/2015,4,-73.9666173,40.7532425,2015,0,0
11/28/2015,4,-74.0370805,40.6138262,2015,0,0
11/28/2015,4,-73.9129021,40.7651019,2015,0,1
11/28/2015,4,-73.9427541,40.8057427,2015,0,0
11/28/2015,4,-73.901609,40.7560159,2015,0,1
11/28/2015,4,-73.8117234,40.6937879,2015,0,6
11/28/2015,4,-73.9904225,40.7665617,2015,0,0
11/28/2015,4,-74.0021503,40.728034,2015,0,0
11/27/2015,4,-73.9248479,40.8414961,2015,0,0
11/27/2015,4,-73.8916117,40.6667171,2015,0,0
11/27/2015,4,-73.9892976,40.7579074,2015,0,1
11/27/2015,4,-73.7228746,40.7541513,2015,0,0
11/27/2015,4,-73.8420304,40.6678948,2015,0,0
11/27/2015,4,-73.84158,40.7786124,2015,0,1
11/26/2015,4,-73.9973009,40.6472719,2015,0,1
11/26/2015,4,-73.9722023,40.749824,2015,0,0
11/26/2015,4,-73.9018151,40.7043845,2015,0,0
11/26/2015,4,-74.0059239,40.60184,2015,0,0
11/26/2015,4,-73.7619116,40.6628986,2015,0,0
11/25/2015,4,-74.0039696,40.7428639,2015,0,0
11/24/2015,4,-73.8354305,40.6809233,2015,0,0
11/24/2015,4,-73.9901807,40.619132,2015,0,2
11/24/2015,4,-73.9850952,40.6972314,2015,0,0
11/23/2015,4,-73.762887,40.6775029,2015,0,0
11/23/2015,4,-73.9851256,40.6417457,2015,0,0
11/23/2015,4,-74.000526,40.6364547,2015,0,0
11/23/2015,4,-73.799184,40.6968705,2015,0,3
11/22/2015,4,-74.235639,40.5143875,2015,0,0
11/22/2015,4,-73.9251435,40.8100528,2015,0,0
11/22/2015,4,-73.7960918,40.7032933,2015,0,0
11/22/2015,4,-74.0310592,40.6234622,2015,0,1
11/22/2015,4,-73.9995135,40.6486114,2015,0,1
11/22/2015,4,-73.9754675,40.6744673,2015,0,0
11/21/2015,4,-73.7720445,40.7112053,2015,0,0
11/21/2015,4,-74.1976949,40.5588868,2015,0,0
11/21/2015,4,-73.9285232,40.6668667,2015,0,0
11/21/2015,4,-73.9107764,40.6622787,2015,0,0
11/21/2015,4,-73.9949385,40.7692957,2015,0,0
11/21/2015,4,-73.9840766,40.7491017,2015,0,0
11/21/2015,4,-73.9643142,40.7606005,2015,0,0
11/21/2015,4,-73.9479233,40.7871194,2015,0,0
11/21/2015,4,-73.9348651,40.5990495,2015,0,0
11/21/2015,4,-74.0009817,40.7520589,2015,0,0
11/21/2015,4,-73.8881227,40.8642556,2015,0,1
11/21/2015,4,-73.9073064,40.6562732,2015,0,0
11/20/2015,4,-73.9810563,40.6457525,2015,0,0
11/20/2015,4,-73.9354092,40.7960032,2015,0,1
11/20/2015,4,-73.9103665,40.6373915,2015,0,2
11/20/2015,4,-73.9763154,40.6825097,2015,0,1
11/20/2015,4,-73.9095866,40.7449392,2015,0,1
11/20/2015,4,-73.9719069,40.757125,2015,0,0
11/19/2015,4,-73.805166,40.7304548,2015,0,0
11/19/2015,4,-73.9447576,40.7197624,2015,0,1
11/19/2015,4,-73.8511835,40.6918113,2015,0,0
11/19/2015,4,-73.9122882,40.6994387,2015,0,0
11/19/2015,4,-73.8135384,40.6912102,2015,0,0
11/18/2015,4,-73.8992132,40.7578474,2015,0,1
11/18/2015,4,-73.9036789,40.7573763,2015,0,0
11/18/2015,4,-73.9033142,40.6778685,2015,0,0
11/17/2015,4,-73.8226235,40.832914,2015,0,0
11/17/2015,4,-73.9030288,40.8097014,2015,0,0
11/17/2015,4,-74.0099197,40.7375662,2015,0,0
11/17/2015,4,-73.9438505,40.7802896,2015,0,0
11/17/2015,4,-74.0118335,40.6229635,2015,0,0
11/17/2015,4,-73.8513815,40.9038913,2015,0,1
11/16/2015,4,-73.9328622,40.8505064,2015,0,0
11/15/2015,4,-73.9643142,40.7606005,2015,0,0
11/15/2015,4,-73.9809032,40.6965588,2015,0,0
11/15/2015,4,-73.9500574,40.767373,2015,0,0
11/15/2015,4,-73.9802671,40.6579365,2015,0,1
11/15/2015,4,-73.8987786,40.6756249,2015,0,0
11/15/2015,4,-73.9883595,40.6106751,2015,0,0
11/15/2015,4,-73.9873956,40.7183032,2015,0,0
11/15/2015,4,-73.8476031,40.8431216,2015,0,0
11/15/2015,4,-73.9176482,40.6462241,2015,0,0
11/15/2015,4,-73.8124724,40.6830208,2015,0,1
11/15/2015,4,-73.9876815,40.7326034,2015,0,0
11/15/2015,4,-73.9839983,40.7293696,2015,0,0
11/15/2015,4,-73.9353903,40.8266837,2015,0,0
11/15/2015,4,-73.993795,40.7209387,2015,0,0
11/15/2015,4,-73.8261051,40.8737715,2015,0,0
11/15/2015,4,-74.0792142,40.6380304,2015,0,2
11/14/2015,4,-73.8349799,40.7070968,2015,0,0
11/14/2015,4,-73.884523,40.7323925,2015,0,1
11/14/2015,4,-73.9265552,40.7550849,2015,0,1
11/14/2015,4,-73.8350571,40.7196432,2015,0,0
11/14/2015,4,-73.958782,40.7639911,2015,0,0
11/14/2015,4,-73.9309525,40.6705818,2015,0,0
11/14/2015,4,-73.9197524,40.8681135,2015,0,0
11/14/2015,4,-73.9397155,40.7069193,2015,0,0
11/14/2015,4,-73.944148,40.5867851,2015,0,0
11/13/2015,4,-73.8868607,40.6773595,2015,0,0
11/13/2015,4,-73.9464607,40.800664,2015,0,0
11/13/2015,4,-74.1286691,40.6373489,2015,0,0
11/12/2015,4,-73.826085,40.8413702,2015,0,0
11/12/2015,4,-73.9278542,40.6555166,2015,0,2
11/12/2015,4,-74.0015553,40.7410799,2015,0,0
11/12/2015,4,-73.9643142,40.7606005,2015,0,0
11/12/2015,4,-73.8147256,40.7350324,2015,0,0
11/12/2015,4,-73.9535429,40.8120522,2015,0,1
11/11/2015,4,-73.9194794,40.8367962,2015,0,0
11/11/2015,4,-73.917751,40.6241643,2015,0,0
11/11/2015,4,-73.7271611,40.6992672,2015,0,0
11/10/2015,4,-74.1058048,40.6037128,2015,0,1
11/10/2015,4,-73.9872096,40.6721609,2015,0,0
11/09/2015,4,-73.9646273,40.6875928,2015,0,0
11/09/2015,4,-73.9532051,40.7141086,2015,0,1
11/08/2015,4,-73.9718224,40.7280368,2015,0,0
11/08/2015,4,-73.988119,40.7279758,2015,0,1
11/08/2015,4,-73.8576576,40.8398819,2015,0,0
11/08/2015,4,-73.996771,40.725432,2015,0,1
11/08/2015,4,-73.9947504,40.7278198,2015,0,0
11/08/2015,4,-73.9394287,40.6692499,2015,0,0
11/08/2015,4,-73.8982722,40.8894585,2015,0,1
11/08/2015,4,-73.9086874,40.6426739,2015,0,0
11/07/2015,4,-73.9056562,40.8777065,2015,0,1
11/07/2015,4,-74.0006602,40.72084,2015,0,1
11/07/2015,4,-74.0185085,40.6365431,2015,0,0
11/07/2015,4,-73.9929082,40.7478537,2015,0,0
11/07/2015,4,-73.9929082,40.7478537,2015,0,0
11/07/2015,4,-73.9934023,40.7153558,2015,0,0
11/07/2015,4,-73.9989537,40.728067,2015,0,0
11/07/2015,4,-73.9039386,40.8801342,2015,0,0
11/07/2015,4,-73.9909669,40.7454217,2015,0,0
11/07/2015,4,-73.858238,40.7607067,2015,0,3
11/07/2015,4,-73.8700582,40.8782895,2015,0,0
11/07/2015,4,-73.9432348,40.778872,2015,0,0
11/07/2015,4,-74.0023581,40.6857317,2015,0,0
11/06/2015,4,-73.8387425,40.8812664,2015,0,0
11/06/2015,4,-73.8446221,40.8954288,2015,0,1
11/06/2015,4,-73.9871799,40.7332923,2015,0,0
11/05/2015,4,-73.9489224,40.5862603,2015,0,0
11/05/2015,4,-73.860765,40.6847527,2015,0,0
11/05/2015,4,-73.9848573,40.7281758,2015,0,0
11/05/2015,4,-73.7835531,40.7105825,2015,0,0
11/05/2015,4,-73.893187,40.6801624,2015,0,0
11/05/2015,4,-73.9549062,40.6234548,2015,0,0
11/05/2015,4,-73.7611749,40.6864528,2015,0,1
11/05/2015,4,-74.1388499,40.5569501,2015,0,1
11/04/2015,4,-73.8441704,40.7406926,2015,0,0
11/04/2015,4,-73.9873956,40.7183032,2015,0,0
11/04/2015,4,-73.9155159,40.8247084,2015,0,0
11/03/2015,4,-73.9978061,40.736035,2015,0,0
11/03/2015,4,-73.8440794,40.82916,2015,0,1
11/02/2015,4,-73.9120996,40.727608,2015,0,1
11/02/2015,4,-73.9836217,40.7497247,2015,0,0
11/02/2015,4,-73.9807025,40.6853239,2015,0,0
11/02/2015,4,-73.9600159,40.6448523,2015,0,0
11/02/2015,4,-73.9771875,40.747009,2015,0,0
11/01/2015,4,-73.8648859,40.8397699,2015,0,0
11/01/2015,4,-74.0035869,40.6794887,2015,0,0
11/01/2015,4,-74.0015202,40.6259834,2015,0,2
11/01/2015,4,-73.9326708,40.6860332,2015,0,0
11/01/2015,4,-73.8497345,40.8835566,2015,0,0
11/01/2015,4,-73.9328502,40.8480389,2015,0,0
11/01/2015,4,-73.8387425,40.8812664,2015,0,2
11/01/2015,4,-73.9598617,40.6556338,2015,0,1
11/01/2015,4,-73.8737303,40.8297535,2015,0,0
11/01/2015,4,-73.8261593,40.7155546,2015,0,0
10/31/2015,4,-73.9057333,40.8233367,2015,0,0
10/31/2015,4,-73.8161454,40.7252715,2015,0,0
10/31/2015,4,-74.01046,40.7312998,2015,0,0
10/31/2015,4,-73.9643142,40.7606005,2015,0,0
10/31/2015,4,-73.8915424,40.6738507,2015,0,0
10/31/2015,4,-73.8698094,40.6821887,2015,0,0
10/31/2015,4,-73.979076,40.7668758,2015,0,1
10/31/2015,4,-73.9415057,40.7919059,2015,0,0
10/31/2015,4,-73.9031761,40.8450563,2015,0,0
10/31/2015,4,-73.7731454,40.7099202,2015,0,0
10/31/2015,4,-73.8184852,40.7161366,2015,0,0
10/31/2015,4,-73.9969136,40.7627496,2015,0,0
10/31/2015,4,-73.7885537,40.7090383,2015,0,0
10/31/2015,4,-73.7424711,40.7146837,2015,0,0
10/31/2015,4,-73.866863,40.7331924,2015,0,0
10/31/2015,4,-73.9454502,40.7027611,2015,0,1
10/30/2015,4,-73.9485915,40.828974,2015,0,0
10/30/2015,4,-74.0059373,40.6561083,2015,0,0
10/30/2015,4,-73.9462009,40.8271531,2015,0,0
10/30/2015,4,-73.7989822,40.684859,2015,0,0
10/30/2015,4,-73.9403298,40.7177861,2015,0,1
10/29/2015,4,-73.8807926,40.8571285,2015,0,2
10/29/2015,4,-73.8301303,40.7588696,2015,0,0
10/29/2015,4,-73.8102461,40.7102508,2015,0,0
10/29/2015,4,-73.8102461,40.7102508,2015,0,0
10/29/2015,4,-73.8653425,40.6518653,2015,0,0
10/28/2015,4,-73.9821793,40.7722094,2015,0,0
10/27/2015,4,-73.8757999,40.8264017,2015,0,0
10/27/2015,4,-73.9666173,40.7532425,2015,0,0
10/27/2015,4,-73.8314588,40.7145547,2015,0,1
10/26/2015,4,-73.9229549,40.8439815,2015,0,2
10/26/2015,4,-73.9288573,40.6374565,2015,0,0
10/25/2015,4,-73.8665952,40.7693188,2015,0,1
10/25/2015,4,-74.1642702,40.5433352,2015,0,0
10/25/2015,4,-73.933382,40.6743025,2015,0,0
10/25/2015,4,-73.8407694,40.6857533,2015,0,0
10/25/2015,4,-74.0036012,40.6583541,2015,0,0
10/25/2015,4,-73.9516237,40.7140668,2015,0,0
10/25/2015,4,-73.9748983,40.7357643,2015,0,2
10/25/2015,4,-73.9903644,40.7192038,2015,0,1
10/25/2015,4,-73.8947521,40.7665541,2015,0,1
10/25/2015,4,-73.9646514,40.5809605,2015,0,0
10/25/2015,4,-73.9804117,40.7425878,2015,0,0
10/25/2015,4,-73.9002599,40.8542925,2015,0,0
10/25/2015,4,-73.9638843,40.7612344,2015,0,0
10/25/2015,4,-73.9890116,40.7187947,2015,0,0
10/25/2015,4,-73.9177042,40.8345141,2015,0,0
10/25/2015,4,-73.9726908,40.7908717,2015,0,0
10/25/2015,4,-73.9891656,40.7478946,2015,0,1
10/25/2015,4,-73.9184943,40.7677355,2015,0,1
10/24/2015,4,-73.8921621,40.6762804,2015,0,0
10/24/2015,4,-73.9730543,40.6779993,2015,0,0
10/24/2015,4,-73.9910897,40.6635893,2015,0,1
10/24/2015,4,-73.9185632,40.6966299,2015,0,0
10/24/2015,4,-73.8560987,40.7365373,2015,0,0
10/24/2015,4,-73.9744953,40.7466818,2015,0,0
10/24/2015,4,-73.9459787,40.8070974,2015,0,0
10/24/2015,4,-73.9522118,40.7490544,2015,0,0
10/24/2015,4,-73.75744,40.6505844,2015,0,0
10/24/2015,4,-73.9857652,40.7177239,2015,0,0
10/24/2015,4,-73.9440024,40.6529729,2015,0,0
10/23/2015,4,-73.9799879,40.783844,2015,0,0
10/23/2015,4,-73.9121626,40.7263263,2015,0,0
10/23/2015,4,-73.9465124,40.6194932,2015,0,0
10/23/2015,4,-73.8712228,40.8464687,2015,0,2
10/23/2015,4,-73.9990332,40.7214219,2015,0,0
10/22/2015,4,-73.9136994,40.7654813,2015,0,0
10/22/2015,4,-73.931133,40.7942452,2015,0,0
10/22/2015,4,-74.0126307,40.7050021,2015,0,0
10/22/2015,4,-73.9848356,40.7601164,2015,0,0
10/21/2015,4,-74.0051243,40.7408492,2015,0,0
10/20/2015,4,-73.8975746,40.7107734,2015,0,0
10/20/2015,4,-73.887756,40.9012812,2015,0,0
10/20/2015,4,-73.887756,40.9012812,2015,0,0
10/20/2015,4,-73.9441326,40.7817643,2015,0,0
10/20/2015,4,-73.9831481,40.7388307,2015,0,1
10/19/2015,4,-73.8655934,40.843767,2015,0,0
10/18/2015,4,-73.9808413,40.6966659,2015,0,0
10/18/2015,4,-74.0263729,40.6333721,2015,0,0
10/18/2015,4,-74.0269494,40.6335147,2015,0,0
10/18/2015,4,-73.9585397,40.6254928,2015,0,0
10/18/2015,4,-73.8384049,40.7554126,2015,0,0
10/18/2015,4,-73.8725277,40.8407529,2015,0,2
10/18/2015,4,-73.9442003,40.7733364,2015,0,2
10/18/2015,4,-73.8628894,40.7528419,2015,0,0
10/18/2015,4,-73.9081225,40.89146,2015,0,1
10/17/2015,4,-73.7655773,40.7254761,2015,0,0
10/17/2015,4,-74.0114187,40.6199141,2015,0,3
10/17/2015,4,-73.9446473,40.8140107,2015,0,0
10/16/2015,4,-73.9487475,40.7015933,2015,0,1
10/16/2015,4,-73.9914296,40.701709,2015,0,0
10/15/2015,4,-73.9882541,40.6778345,2015,0,0
10/15/2015,4,-73.9543399,40.7140707,2015,0,0
10/14/2015,4,-73.8713235,40.7570373,2015,0,1
10/14/2015,4,-73.9873408,40.608169,2015,0,0
10/14/2015,4,-73.9129773,40.8484318,2015,0,0
10/14/2015,4,-73.9377625,40.6392595,2015,0,0
10/14/2015,4,-73.9323244,40.846153,2015,0,0
10/14/2015,4,-73.9543062,40.6947914,2015,0,0
10/14/2015,4,-73.944623,40.6781923,2015,0,0
10/14/2015,4,-73.8142307,40.766308,2015,0,1
10/13/2015,4,-73.9933777,40.6726033,2015,0,0
10/13/2015,4,-73.8020355,40.6749541,2015,0,1
10/13/2015,4,-73.9005051,40.7193533,2015,0,0
10/12/2015,4,-73.8225266,40.8245369,2015,0,0
10/12/2015,4,-73.7381471,40.6712543,2015,0,0
10/12/2015,4,-73.8377348,40.8306939,2015,0,0
10/12/2015,4,-73.8838318,40.880467,2015,0,1
10/12/2015,4,-73.9189434,40.8644625,2015,0,0
10/12/2015,4,-73.817881,40.6961413,2015,0,0
10/11/2015,4,-73.9154284,40.6689877,2015,0,0
10/11/2015,4,-73.9877686,40.7497883,2015,0,0
10/11/2015,4,-73.7939596,40.7058257,2015,0,0
10/11/2015,4,-73.9896919,40.7522807,2015,0,1
10/11/2015,4,-73.9227445,40.698351,2015,0,0
10/11/2015,4,-73.9217477,40.8286021,2015,0,1
10/11/2015,4,-73.8375359,40.6913591,2015,0,0
10/11/2015,4,-73.9441507,40.6781564,2015,0,0
10/11/2015,4,-73.954248,40.6850475,2015,0,1
10/11/2015,4,-73.9356863,40.737833,2015,0,1
10/11/2015,4,-73.9136994,40.7654813,2015,0,0
10/10/2015,4,-73.9850428,40.7535538,2015,0,0
10/10/2015,4,-73.8600514,40.5763792,2015,0,0
10/10/2015,4,-73.9281326,40.5977774,2015,0,1
10/10/2015,4,-74.1097619,40.5704668,2015,0,0
10/10/2015,4,-73.9866887,40.7816671,2015,0,0
10/10/2015,4,-73.7518042,40.6824037,2015,0,1
10/10/2015,4,-73.9892234,40.585236,2015,0,0
10/10/2015,4,-73.9485919,40.6508561,2015,0,0
10/10/2015,4,-73.9330796,40.6775631,2015,0,0
10/10/2015,4,-73.9890159,40.7365615,2015,0,0
10/10/2015,4,-73.9030288,40.8097014,2015,0,0
10/10/2015,4,-73.8624158,40.8842805,2015,0,0
10/09/2015,4,-73.93031,40.7058792,2015,0,2
10/09/2015,4,-73.8913807,40.8617006,2015,0,0
10/09/2015,4,-74.0046358,40.7213532,2015,0,0
10/09/2015,4,-73.9633925,40.7167665,2015,0,0
10/09/2015,4,-73.9339378,40.7428752,2015,0,0
10/08/2015,4,-74.0127768,40.6392949,2015,0,0
10/08/2015,4,-73.8772488,40.757881,2015,0,0
10/08/2015,4,-74.0047726,40.6572332,2015,0,0
10/08/2015,4,-74.0036012,40.6583541,2015,0,1
10/08/2015,4,-73.9911106,40.7503184,2015,0,0
10/08/2015,4,-73.9473982,40.7935967,2015,0,0
10/08/2015,4,-73.9726136,40.7590602,2015,0,1
10/08/2015,4,-73.9919532,40.586996,2015,0,0
10/08/2015,4,-73.9335895,40.7447332,2015,0,0
10/06/2015,4,-74.0133794,40.7152372,2015,0,0
10/06/2015,4,-73.9181469,40.6567645,2015,0,0
10/06/2015,4,-73.9511983,40.7826332,2015,0,0
10/06/2015,4,-73.9970984,40.7472061,2015,0,0
10/06/2015,4,-73.9069652,40.7685598,2015,0,1
10/05/2015,4,-73.8584399,40.7388547,2015,0,0
10/05/2015,4,-73.744218,40.658974,2015,0,1
10/04/2015,4,-73.9891479,40.7016097,2015,0,0
10/04/2015,4,-73.8525757,40.7455061,2015,0,0
10/04/2015,4,-73.9113364,40.6720753,2015,0,0
10/04/2015,4,-73.999311,40.7175491,2015,0,0
10/04/2015,4,-73.9310841,40.6582963,2015,0,0
10/04/2015,4,-74.0229115,40.6361066,2015,0,0
10/04/2015,4,-73.8684822,40.757336,2015,0,2
10/04/2015,4,-73.8300006,40.7739999,2015,0,5
10/04/2015,4,-73.8900044,40.6511499,2015,0,1
10/04/2015,4,-73.9984879,40.7452931,2015,0,0
10/04/2015,4,-73.8459652,40.7396924,2015,0,0
10/04/2015,4,-73.8280091,40.6940516,2015,0,2
10/04/2015,4,-73.9308839,40.8481201,2015,0,0
10/04/2015,4,-73.9507904,40.7237719,2015,0,0
10/03/2015,4,-73.9184536,40.7744491,2015,0,0
10/03/2015,4,-73.885966,40.7536328,2015,0,0
10/03/2015,4,-73.8491906,40.7381972,2015,0,0
10/03/2015,4,-73.8965615,40.8685644,2015,0,0
10/03/2015,4,-73.7868897,40.7669496,2015,0,0
10/03/2015,4,-73.9020204,40.751191,2015,0,1
10/03/2015,4,-73.9758407,40.7488862,2015,0,0
10/03/2015,4,-74.1848827,40.5535448,2015,0,0
10/03/2015,4,-73.940437,40.8480183,2015,0,0
10/03/2015,4,-73.9073312,40.8538153,2015,0,0
10/03/2015,4,-73.8523742,40.8902131,2015,0,0
10/03/2015,4,-73.8653004,40.8903208,2015,0,0
10/03/2015,4,-73.9938142,40.7466186,2015,0,4
10/02/2015,4,-73.9230623,40.8260943,2015,0,1
10/02/2015,4,-73.8711988,40.7393884,2015,0,0
10/02/2015,4,-73.9396583,40.7860998,2015,0,0
10/02/2015,4,-73.9189434,40.8644625,2015,0,0
10/02/2015,4,-73.8297,40.7170151,2015,0,0
10/01/2015,4,-73.8477219,40.6870336,2015,0,0
10/01/2015,4,-73.9298028,40.64632,2015,0,0
10/01/2015,4,-74.006623,40.6068959,2015,0,0
09/30/2015,4,-73.8250515,40.686027,2015,0,0
09/30/2015,4,-73.9337309,40.8493212,2015,0,1
09/30/2015,4,-73.9360334,40.5861184,2015,0,0
09/30/2015,4,-73.8250111,40.7137793,2015,0,0
09/29/2015,4,-73.9540845,40.6135074,2015,0,0
09/29/2015,4,-74.01046,40.7312998,2015,0,1
09/28/2015,4,-74.1131607,40.6347549,2015,0,0
09/28/2015,4,-73.895813,40.7485506,2015,0,0
09/28/2015,4,-73.9545646,40.5850113,2015,0,0
09/28/2015,4,-73.9752963,40.6209138,2015,0,1
09/28/2015,4,-73.9505022,40.6698646,2015,0,1
09/27/2015,4,-73.8631969,40.9001018,2015,0,0
09/27/2015,4,-73.9937353,40.7416232,2015,0,1
09/27/2015,4,-73.9865462,40.5836578,2015,0,1
09/27/2015,4,-73.7902647,40.7636457,2015,0,0
09/27/2015,4,-73.8825801,40.7558527,2015,0,0
09/27/2015,4,-73.7611009,40.6919944,2015,0,0
09/26/2015,4,-73.9139752,40.8454299,2015,0,3
09/26/2015,4,-73.9333127,40.8385769,2015,0,0
09/26/2015,4,-73.9960656,40.6346733,2015,0,0
09/26/2015,4,-73.8705424,40.8617642,2015,0,0
09/26/2015,4,-73.8862441,40.8676764,2015,0,1
09/26/2015,4,-73.8164735,40.6912808,2015,0,0
09/26/2015,4,-73.9003338,40.7688081,2015,0,0
09/26/2015,4,-73.9483252,40.8089731,2015,0,1
09/25/2015,4,-73.923273,40.8125986,2015,0,0
09/25/2015,4,-73.8863112,40.7280212,2015,0,1
09/25/2015,4,-73.9072372,40.6878902,2015,0,0
09/24/2015,4,-74.0028685,40.64882,2015,0,1
09/24/2015,4,-73.9550679,40.8059897,2015,0,0
09/24/2015,4,-73.9005702,40.7410095,2015,0,1
09/23/2015,4,-73.945073,40.7402406,2015,0,1
09/23/2015,4,-73.9782834,40.7730321,2015,0,0
09/22/2015,4,-73.8610409,40.6873414,2015,0,0
09/21/2015,4,-73.8414531,40.7090458,2015,0,0
09/21/2015,4,-73.8118641,40.6916302,2015,0,0
09/21/2015,4,-73.866698,40.6622471,2015,0,1
09/20/2015,4,-73.9981083,40.7087666,2015,0,0
09/20/2015,4,-73.964786,40.7557562,2015,0,0
09/20/2015,4,-73.8949323,40.8653544,2015,0,0
09/20/2015,4,-74.1925882,40.5626394,2015,0,0
09/20/2015,4,-73.9156655,40.8207287,2015,0,0
09/20/2015,4,-73.7679581,40.7659853,2015,0,0
09/20/2015,4,-73.8993106,40.69575,2015,0,0
09/20/2015,4,-73.77403,40.7096722,2015,0,1
09/20/2015,4,-73.9634098,40.7576386,2015,0,0
09/20/2015,4,-73.819565,40.7402314,2015,0,0
09/19/2015,4,-73.9494488,40.5995975,2015,0,0
09/19/2015,4,-73.9353886,40.7613564,2015,0,0
09/19/2015,4,-73.8411164,40.6641936,2015,0,1
09/19/2015,4,-73.8749391,40.8729592,2015,0,2
09/19/2015,4,-73.8722188,40.7569423,2015,0,2
09/19/2015,4,-73.9616787,40.6797033,2015,0,0
09/19/2015,4,-73.9085782,40.7065969,2015,0,0
09/19/2015,4,-73.8377778,40.781651,2015,0,0
09/19/2015,4,-73.979076,40.7668758,2015,0,0
09/19/2015,4,-73.881136,40.7479271,2015,0,0
09/19/2015,4,-73.8668393,40.8298116,2015,0,0
09/19/2015,4,-73.9588944,40.7222435,2015,0,0
09/19/2015,4,-73.9560377,40.7213971,2015,0,0
09/19/2015,4,-73.9358171,40.8036997,2015,0,0
09/18/2015,4,-73.9400778,40.7091016,2015,0,1
09/18/2015,4,-73.8781767,40.8426172,2015,0,1
09/18/2015,4,-73.9886213,40.6383838,2015,0,0
09/17/2015,4,-73.9571826,40.6183257,2015,0,0
09/16/2015,4,-73.9489638,40.6451307,2015,0,1
09/15/2015,4,-73.999242,40.7595273,2015,0,0
09/15/2015,4,-73.8797404,40.6793614,2015,0,0
09/14/2015,4,-73.9798865,40.5935052,2015,0,0
09/14/2015,4,-74.0053743,40.618844,2015,0,0
09/13/2015,4,-73.9600039,40.6888813,2015,0,0
09/13/2015,4,-74.0058783,40.7381456,2015,0,0
09/13/2015,4,-73.7441572,40.694549,2015,0,0
09/13/2015,4,-73.8524192,40.8243238,2015,0,0
09/13/2015,4,-73.9501643,40.6734216,2015,0,1
09/13/2015,4,-73.9397674,40.8410766,2015,0,0
09/13/2015,4,-73.9614777,40.8180094,2015,0,5
09/13/2015,4,-73.7745411,40.5937497,2015,0,1
09/13/2015,4,-73.8404411,40.8847353,2015,0,0
09/13/2015,4,-73.9409901,40.7216017,2015,0,0
09/13/2015,4,-74.0042758,40.7333917,2015,0,0
09/13/2015,4,-73.9138714,40.7303695,2015,0,0
09/13/2015,4,-73.8867166,40.7473426,2015,0,0
09/12/2015,4,-73.876252,40.7484379,2015,0,1
09/12/2015,4,-73.8605217,40.7614246,2015,0,1
09/12/2015,4,-73.9111588,40.8622253,2015,0,0
09/12/2015,4,-73.996771,40.725432,2015,0,1
09/12/2015,4,-73.94895,40.6019551,2015,0,0
09/12/2015,4,-73.7280965,40.711037,2015,0,0
09/12/2015,4,-73.898342,40.6451657,2015,0,0
09/12/2015,4,-73.8204183,40.7097865,2015,0,0
09/12/2015,4,-73.8845376,40.7614127,2015,0,0
09/12/2015,4,-73.8544345,40.8329558,2015,0,0
09/12/2015,4,-73.9084118,40.8513185,2015,0,1
09/11/2015,4,-73.9886394,40.7229337,2015,0,0
09/11/2015,4,-73.9320212,40.7537872,2015,0,0
09/11/2015,4,-73.9981962,40.7210624,2015,0,0
09/10/2015,4,-73.892648,40.72545,2015,0,1
09/10/2015,4,-73.7597778,40.7482265,2015,0,1
09/09/2015,4,-73.9138714,40.7303695,2015,0,0
09/08/2015,4,-73.9831755,40.744559,2015,0,0
09/08/2015,4,-73.9762057,40.6870248,2015,0,0
09/08/2015,4,-73.9897922,40.7572323,2015,0,0
09/08/2015,4,-73.9922469,40.6314562,2015,0,0
09/08/2015,4,-73.9116355,40.6857966,2015,0,0
09/07/2015,4,-73.7844849,40.6867596,2015,0,0
09/07/2015,4,-73.9395925,40.6674686,2015,0,1
09/07/2015,4,-73.9038128,40.622191,2015,0,0
09/07/2015,4,-73.8553098,40.8093413,2015,0,0
09/06/2015,4,-73.8810642,40.678984,2015,0,0
09/06/2015,4,-73.7913993,40.7191256,2015,0,0
09/06/2015,4,-73.9948089,40.7184575,2015,0,0
09/06/2015,4,-73.9312149,40.6678235,2015,0,0
09/06/2015,4,-73.9977452,40.6154351,2015,0,0
09/06/2015,4,-73.9688579,40.6776634,2015,0,0
09/06/2015,4,-73.9813646,40.790754,2015,0,0
09/06/2015,4,-73.9301534,40.752013,2015,0,0
09/06/2015,4,-73.8839903,40.6694407,2015,0,0
09/05/2015,4,-73.9523759,40.6407075,2015,0,0
09/05/2015,4,-73.9284713,40.7690596,2015,0,0
09/05/2015,4,-73.9189434,40.8644625,2015,0,1
09/05/2015,4,-73.7691155,40.7060119,2015,0,2
09/05/2015,4,-73.8594394,40.8466581,2015,0,0
09/05/2015,4,-73.9525627,40.6515468,2015,0,0
09/05/2015,4,-73.8319163,40.6819228,2015,0,1
09/05/2015,4,-73.7311243,40.7609347,2015,0,2
09/05/2015,4,-73.7186341,40.7412083,2015,0,0
09/05/2015,4,-73.907775,40.859607,2015,0,1
09/05/2015,4,-73.9369052,40.6922854,2015,0,0
09/05/2015,4,-73.9876715,40.7285961,2015,0,0
09/05/2015,4,-73.8430643,40.8397971,2015,0,0
09/05/2015,4,-73.9299991,40.6481811,2015,0,0
09/05/2015,4,-73.8596138,40.7040718,2015,0,2
09/05/2015,4,-73.9221192,40.7551396,2015,0,1
09/04/2015,4,-73.8343657,40.8860579,2015,0,0
09/04/2015,4,-73.8900044,40.6511499,2015,0,2
09/04/2015,4,-73.8987786,40.6756249,2015,0,2
09/04/2015,4,-73.8708432,40.7515446,2015,0,0
09/03/2015,4,-73.8784359,40.6493267,2015,0,0
09/03/2015,4,-73.9949795,40.7007397,2015,0,0
09/03/2015,4,-73.8545649,40.7005934,2015,0,0
09/03/2015,4,-73.9567033,40.6741709,2015,0,0
09/03/2015,4,-73.9239738,40.6892748,2015,0,0
09/03/2015,4,-73.9617322,40.6053581,2015,0,1
09/02/2015,4,-73.9311566,40.8116183,2015,0,0
09/02/2015,4,-73.9977125,40.6236805,2015,0,0
09/02/2015,4,-74.1447594,40.5505117,2015,0,0
09/02/2015,4,-73.8026224,40.6664063,2015,0,1
09/02/2015,4,-73.9303642,40.7644907,2015,0,0
09/02/2015,4,-73.8332862,40.7627471,2015,0,1
09/01/2015,4,-73.9211176,40.6285858,2015,0,0
09/01/2015,4,-73.8830681,40.8171184,2015,0,0
09/01/2015,4,-73.9348688,40.7429828,2015,0,0
09/01/2015,4,-74.0957491,40.6105113,2015,0,0
09/01/2015,4,-74.025363,40.6209768,2015,0,0
08/31/2015,4,-73.8890663,40.8165754,2015,0,0
08/31/2015,4,-73.9147428,40.8443435,2015,0,0
08/31/2015,4,-73.9989537,40.728067,2015,0,0
08/30/2015,4,-73.9276429,40.7040907,2015,0,0
08/30/2015,4,-73.7237998,40.7634588,2015,0,1
08/30/2015,4,-73.8686386,40.8248237,2015,0,0
08/30/2015,4,-73.9227464,40.6935723,2015,0,0
08/30/2015,4,-73.8746094,40.8241589,2015,0,0
08/30/2015,4,-73.9553688,40.8044198,2015,0,1
08/30/2015,4,-73.9010787,40.8627551,2015,0,0
08/30/2015,4,-73.8963254,40.7463333,2015,0,0
08/30/2015,4,-73.9560151,40.7720212,2015,0,2
08/30/2015,4,-73.7913993,40.7191256,2015,0,2
08/30/2015,4,-73.9260124,40.8635725,2015,0,0
08/30/2015,4,-73.9956963,40.6626948,2015,0,1
08/30/2015,4,-73.9644216,40.6811205,2015,0,1
08/30/2015,4,-73.9144963,40.8055605,2015,0,0
08/30/2015,4,-73.9244179,40.7524046,2015,0,0
08/30/2015,4,-73.9115123,40.6835047,2015,0,0
08/29/2015,4,-73.828758,40.6776719,2015,0,1
08/29/2015,4,-73.9912334,40.6673359,2015,0,0
08/29/2015,4,-73.9467082,40.7532268,2015,0,0
08/29/2015,4,-73.9238191,40.6448066,2015,0,1
08/29/2015,4,-73.9137605,40.6541702,2015,0,0
08/29/2015,4,-73.9908641,40.6001353,2015,0,0
08/29/2015,4,-73.8835079,40.7557548,2015,0,0
08/29/2015,4,-73.8891053,40.8213594,2015,0,0
08/29/2015,4,-73.8474687,40.6634513,2015,0,0
08/29/2015,4,-73.8955908,40.7544846,2015,0,0
08/28/2015,4,-74.1200527,40.560394,2015,0,0
08/28/2015,4,-73.7604934,40.6984928,2015,0,0
08/28/2015,4,-73.8020355,40.6749541,2015,0,1
08/27/2015,4,-73.8677116,40.8472799,2015,0,0
08/26/2015,4,-73.9932842,40.6339046,2015,0,0
08/21/2015,4,-73.8878132,40.8221447,2015,0,0
08/25/2015,4,-73.9909669,40.7454217,2015,0,0
08/25/2015,4,-73.9970084,40.7422271,2015,0,0
08/24/2015,4,-73.8781619,40.838846,2015,0,0
08/23/2015,4,-73.8918767,40.8301369,2015,0,0
08/23/2015,4,-73.8408684,40.8905464,2015,0,0
08/23/2015,4,-73.9718517,40.6314942,2015,0,4
08/23/2015,4,-73.7460468,40.7276881,2015,0,0
08/23/2015,4,-73.905532,40.7385681,2015,0,0
08/23/2015,4,-73.808889,40.7658739,2015,0,0
08/23/2015,4,-73.8412409,40.8406016,2015,0,0
08/23/2015,4,-73.8612469,40.8863953,2015,0,0
08/23/2015,4,-73.8439779,40.7214535,2015,0,0
08/23/2015,4,-73.9899011,40.7295515,2015,0,0
08/23/2015,4,-73.9129005,40.8352983,2015,0,0
08/22/2015,4,-73.9903644,40.7192038,2015,0,1
08/22/2015,4,-73.8250104,40.687951,2015,0,0
08/22/2015,4,-73.9890171,40.5761593,2015,0,0
08/22/2015,4,-73.8272426,40.6502877,2015,0,0
08/22/2015,4,-73.9618804,40.6548824,2015,0,0
08/22/2015,4,-73.9374387,40.7242645,2015,0,1
08/22/2015,4,-73.9428082,40.6923571,2015,0,0
08/21/2015,4,-74.2211633,40.5272314,2015,0,1
08/21/2015,4,-73.7271611,40.6992672,2015,0,1
08/21/2015,4,-73.9114235,40.7014856,2015,0,0
08/21/2015,4,-73.9617015,40.5960917,2015,0,0
08/21/2015,4,-73.9656962,40.7545048,2015,0,1
08/21/2015,4,-73.8820107,40.7044043,2015,0,0
08/21/2015,4,-73.99759,40.6971503,2015,0,0
08/21/2015,4,-73.8744536,40.7528605,2015,0,0
08/21/2015,4,-73.9570428,40.661965,2015,0,1
08/20/2015,4,-73.9464903,40.6964514,2015,0,0
08/20/2015,4,-73.9596441,40.7710646,2015,0,0
08/19/2015,4,-73.7515837,40.6690141,2015,0,0
08/19/2015,4,-73.9466746,40.6509486,2015,0,1
08/18/2015,4,-73.9566493,40.7461632,2015,0,0
08/18/2015,4,-74.1142267,40.5797344,2015,0,0
08/18/2015,4,-73.9810567,40.7332119,2015,0,0
08/18/2015,4,-73.7343092,40.6537035,2015,0,1
08/17/2015,4,-74.1137614,40.5664967,2015,1,0
08/17/2015,4,-74.0047875,40.7236259,2015,0,0
08/17/2015,4,-73.9115037,40.6573826,2015,0,0
08/17/2015,4,-73.9490277,40.7686435,2015,0,4
08/16/2015,4,-73.9868455,40.7453005,2015,0,0
08/16/2015,4,-73.9903644,40.7192038,2015,0,0
08/16/2015,4,-73.9874743,40.760405,2015,0,1
08/16/2015,4,-73.8662678,40.75278,2015,0,0
08/16/2015,4,-73.8810642,40.678984,2015,0,1
08/16/2015,4,-73.9059739,40.640237,2015,0,3
08/16/2015,4,-73.8993572,40.710322,2015,0,0
08/16/2015,4,-73.8890984,40.6715812,2015,0,0
08/15/2015,4,-73.939355,40.6274578,2015,0,0
08/15/2015,4,-73.9103759,40.7293073,2015,0,0
08/15/2015,4,-73.9795644,40.6693135,2015,0,0
08/15/2015,4,-73.9130622,40.7474972,2015,0,0
08/15/2015,4,-73.809689,40.7057457,2015,0,1
08/15/2015,4,-73.8635562,40.8378662,2015,0,0
08/15/2015,4,-73.7458024,40.7094706,2015,0,0
08/15/2015,4,-73.8699476,40.7517933,2015,0,0
08/14/2015,4,-73.9825396,40.6920516,2015,0,0
08/14/2015,4,-73.9186024,40.6320672,2015,0,1
08/14/2015,4,-73.9382727,40.8238281,2015,0,0
08/14/2015,4,-74.1479028,40.5708906,2015,0,0
08/14/2015,4,-73.9883913,40.7591644,2015,0,0
08/14/2015,4,-73.9601368,40.762106,2015,0,0
08/14/2015,4,-73.9338108,40.6564232,2015,0,1
08/13/2015,4,-73.9357542,40.8501677,2015,0,0
08/13/2015,4,-73.9841321,40.7432279,2015,0,0
08/13/2015,4,-73.9774579,40.6840525,2015,0,0
08/13/2015,4,-73.8995854,40.671341,2015,0,1
08/13/2015,4,-73.9154519,40.6902653,2015,0,0
08/13/2015,4,-73.900604,40.8441483,2015,0,0
08/13/2015,4,-73.8079946,40.6871435,2015,0,0
08/13/2015,4,-73.9078673,40.8138335,2015,0,0
08/11/2015,4,-73.9776872,40.763645,2015,0,0
08/11/2015,4,-73.8938386,40.8710047,2015,0,0
08/11/2015,4,-73.9309605,40.8040166,2015,0,0
08/11/2015,4,-73.8140908,40.5901067,2015,0,2
08/11/2015,4,-74.022796,40.6145792,2015,0,0
08/10/2015,4,-73.9356063,40.6370378,2015,0,0
08/10/2015,4,-73.8806946,40.6699314,2015,0,0
08/10/2015,4,-73.8702746,40.6876733,2015,0,0
08/10/2015,4,-73.8959576,40.7669049,2015,0,1
08/10/2015,4,-73.9092477,40.7420652,2015,0,1
08/10/2015,4,-73.9272277,40.6945469,2015,0,0
08/09/2015,4,-73.7735507,40.7360731,2015,0,0
08/09/2015,4,-73.9592453,40.720627,2015,0,1
08/09/2015,4,-74.1224515,40.5594857,2015,0,1
08/09/2015,4,-73.9835337,40.7260539,2015,0,4
08/09/2015,4,-73.9150358,40.6715017,2015,0,0
08/09/2015,4,-73.8425678,40.7243088,2015,0,0
08/09/2015,4,-73.9030288,40.8097014,2015,0,2
08/09/2015,4,-73.8266119,40.8846495,2015,0,0
08/09/2015,4,-73.9489399,40.8368694,2015,0,1
08/09/2015,4,-73.9535403,40.6606489,2015,0,0
08/09/2015,4,-73.897203,40.6289594,2015,0,0
08/09/2015,4,-73.8788437,40.8415228,2015,0,0
08/09/2015,4,-73.9876697,40.7183993,2015,0,3
08/08/2015,4,-73.9398375,40.707655,2015,0,0
08/08/2015,4,-74.0003572,40.7339737,2015,0,0
08/08/2015,4,-73.9582932,40.6798312,2015,0,2
08/08/2015,4,-73.8963599,40.8123086,2015,0,0
08/08/2015,4,-73.9973989,40.7214494,2015,0,0
08/08/2015,4,-73.8972818,40.7767542,2015,0,0
08/08/2015,4,-73.9105956,40.8375033,2015,0,0
08/08/2015,4,-73.9708047,40.7517478,2015,0,3
08/08/2015,4,-73.918015,40.6702714,2015,0,0
08/08/2015,4,-73.918015,40.6702714,2015,0,0
08/08/2015,4,-73.961082,40.8187356,2015,0,1
08/08/2015,4,-73.8986338,40.8539068,2015,0,0
08/07/2015,4,-73.9857147,40.7679171,2015,0,0
08/07/2015,4,-73.9774343,40.7537172,2015,0,1
08/07/2015,4,-73.9074755,40.5969839,2015,0,0
08/07/2015,4,-73.9652931,40.759308,2015,0,0
08/07/2015,4,-73.9372659,40.6346508,2015,0,0
08/07/2015,4,-73.8072975,40.7419946,2015,0,0
08/06/2015,4,-74.0000324,40.577244,2015,0,3
08/06/2015,4,-73.9250826,40.7325591,2015,0,0
08/06/2015,4,-73.8807926,40.8571285,2015,0,2
08/05/2015,4,-73.9339965,40.6581196,2015,0,0
08/05/2015,4,-74.0830634,40.627312,2015,0,2
08/05/2015,4,-73.9353886,40.7613564,2015,0,0
08/04/2015,4,-73.9396576,40.6593633,2015,0,0
08/04/2015,4,-73.9887132,40.6703577,2015,0,0
08/04/2015,4,-73.9530878,40.7139775,2015,0,0
08/04/2015,4,-73.8935893,40.7466218,2015,0,0
08/04/2015,4,-73.9943603,40.6902385,2015,0,1
08/04/2015,4,-73.9496967,40.7962162,2015,0,1
08/04/2015,4,-73.9448468,40.7999853,2015,0,0
08/03/2015,4,-73.8856566,40.8224457,2015,0,0
08/03/2015,4,-73.9623752,40.7999155,2015,0,0
08/03/2015,4,-73.8977368,40.8613524,2015,0,1
08/03/2015,4,-74.0219535,40.6374517,2015,0,0
08/03/2015,4,-73.8411164,40.6641936,2015,0,0
08/03/2015,4,-73.8958512,40.7402725,2015,0,0
08/03/2015,4,-73.9255532,40.8119414,2015,0,1
08/03/2015,4,-73.7509617,40.7506916,2015,0,0
08/02/2015,4,-73.9316086,40.6635556,2015,0,0
08/02/2015,4,-73.8762515,40.715671,2015,0,2
08/02/2015,4,-73.9815125,40.7678891,2015,0,0
08/02/2015,4,-73.9652931,40.759308,2015,0,0
08/02/2015,4,-73.9387603,40.8240122,2015,0,0
08/01/2015,4,-73.94024,40.8460475,2015,0,0
08/01/2015,4,-73.9107547,40.8616514,2015,0,0
08/01/2015,4,-73.8410758,40.6903513,2015,0,0
08/01/2015,4,-73.9525567,40.6449099,2015,0,0
08/01/2015,4,-73.8635701,40.718278,2015,0,0
08/01/2015,4,-73.8635701,40.718278,2015,0,0
08/01/2015,4,-73.9489157,40.6939053,2015,0,0
08/01/2015,4,-73.9926457,40.6417272,2015,0,0
08/01/2015,4,-74.0025224,40.7397514,2015,0,0
08/01/2015,4,-73.7267962,40.7408436,2015,0,0
08/01/2015,4,-73.9238405,40.73361,2015,0,1
08/01/2015,4,-73.9269181,40.7401756,2015,0,0
08/01/2015,4,-73.9158069,40.7574737,2015,0,0
08/01/2015,4,-73.7828669,40.7650867,2015,0,0
08/01/2015,4,-73.8031175,40.6996358,2015,0,0
08/01/2015,4,-73.9765366,40.7507747,2015,0,0
07/31/2015,4,-73.8890253,40.7666318,2015,0,0
07/31/2015,4,-73.955306,40.736578,2015,0,0
07/31/2015,4,-73.8984383,40.7536247,2015,0,1
07/31/2015,4,-73.8874711,40.7514934,2015,0,2
07/30/2015,4,-73.8930717,40.8532513,2015,0,0
07/30/2015,4,-73.9425215,40.7405029,2015,0,1
07/30/2015,4,-74.0039696,40.7428639,2015,0,0
07/30/2015,4,-73.9425215,40.7405029,2015,0,0
07/30/2015,4,-74.1923102,40.585467,2015,0,0
07/29/2015,4,-73.9460774,40.6942307,2015,0,0
07/29/2015,4,-73.9404817,40.7225802,2015,0,1
07/28/2015,4,-73.9269272,40.7154014,2015,0,1
07/28/2015,4,-73.9251435,40.8100528,2015,0,0
07/28/2015,4,-73.930237,40.7376745,2015,0,0
07/28/2015,4,-73.9436375,40.8204685,2015,0,2
07/27/2015,4,-73.8432319,40.6827759,2015,0,0
07/27/2015,4,-73.8432319,40.6827759,2015,0,0
07/27/2015,4,-74.0228642,40.6453373,2015,0,0
07/26/2015,4,-73.917751,40.6241643,2015,0,0
07/26/2015,4,-73.8319339,40.6620451,2015,0,0
07/26/2015,4,-73.9799604,40.7432053,2015,0,1
07/26/2015,4,-73.9372821,40.7976786,2015,0,0
07/26/2015,4,-73.9592778,40.6852168,2015,0,0
07/26/2015,4,-73.7859795,40.7041862,2015,0,0
07/26/2015,4,-73.9912843,40.7194838,2015,0,0
07/26/2015,4,-74.2113328,40.5553899,2015,0,0
07/26/2015,4,-73.8978629,40.8215981,2015,0,1
07/26/2015,4,-73.967462,40.7602226,2015,0,0
07/26/2015,4,-73.9174184,40.6600522,2015,0,6
07/26/2015,4,-73.9196235,40.6726495,2015,0,0
07/26/2015,4,-73.9493331,40.7851932,2015,0,0
07/26/2015,4,-73.8556128,40.7446042,2015,0,0
07/25/2015,4,-73.7903765,40.720103,2015,0,0
07/25/2015,4,-73.8638822,40.6528029,2015,0,1
07/25/2015,4,-73.8913807,40.8617006,2015,0,2
07/25/2015,4,-73.8855166,40.8701843,2015,0,0
07/25/2015,4,-73.9649848,40.6935161,2015,0,0
07/25/2015,4,-73.9933586,40.7190695,2015,0,0
07/25/2015,4,-73.8890397,40.7653202,2015,0,0
07/25/2015,4,-73.8746593,40.7432679,2015,0,0
07/25/2015,4,-73.9405585,40.7889493,2015,0,1
07/24/2015,4,-73.8187255,40.7071955,2015,0,2
07/24/2015,4,-73.9410413,40.7126648,2015,0,0
07/24/2015,4,-73.9467017,40.79745,2015,0,0
07/23/2015,4,-73.9242989,40.6283876,2015,0,0
07/23/2015,4,-73.9170643,40.8636899,2015,0,0
07/22/2015,4,-73.9418911,40.743412,2015,0,0
07/22/2015,4,-73.8830107,40.7634451,2015,0,2
07/22/2015,4,-73.9829925,40.6413255,2015,0,0
07/21/2015,4,-73.9703479,40.5862047,2015,0,0
07/20/2015,4,-73.9424661,40.7586895,2015,0,0
07/20/2015,4,-74.0103204,40.6451058,2015,0,0
07/20/2015,4,-73.9399594,40.7083906,2015,0,1
07/20/2015,4,-73.8012318,40.6706904,2015,0,1
07/20/2015,4,-73.9571266,40.5876608,2015,0,0
07/20/2015,4,-73.9552712,40.6701245,2015,0,0
07/19/2015,4,-73.9046321,40.8353412,2015,0,0
07/19/2015,4,-73.9494036,40.7541612,2015,0,0
07/19/2015,4,-73.7555562,40.697519,2015,0,0
07/19/2015,4,-73.9882,40.7185558,2015,0,0
07/19/2015,4,-74.0011515,40.762025,2015,0,0
07/19/2015,4,-74.1370105,40.6080237,2015,0,0
07/19/2015,4,-73.8179322,40.7058798,2015,0,2
07/19/2015,4,-73.9911129,40.7332131,2015,0,0
07/18/2015,4,-74.0104641,40.7115348,2015,0,0
07/18/2015,4,-73.7454772,40.7549013,2015,0,0
07/18/2015,4,-73.9787516,40.7199351,2015,0,0
07/18/2015,4,-74.0000829,40.648046,2015,0,0
07/18/2015,4,-73.9993335,40.6916827,2015,0,0
07/18/2015,4,-73.9107547,40.8616514,2015,0,0
07/18/2015,4,-73.8010241,40.6760353,2015,0,0
07/18/2015,4,-73.9395205,40.7986267,2015,0,0
07/18/2015,4,-73.9358997,40.7377134,2015,0,0
07/18/2015,4,-73.9435263,40.69603,2015,0,0
07/18/2015,4,-73.9552939,40.6792042,2015,0,0
07/17/2015,4,-73.9282671,40.7105331,2015,0,0
07/17/2015,4,-73.8253158,40.7172766,2015,0,0
07/17/2015,4,-73.7520628,40.6933586,2015,0,0
07/17/2015,4,-73.9500905,40.6997906,2015,0,4
07/17/2015,4,-73.9582594,40.578274,2015,0,0
07/17/2015,4,-74.0044171,40.7422847,2015,0,0
07/16/2015,4,-73.9411352,40.839178,2015,0,0
07/16/2015,4,-73.9476861,40.7903142,2015,0,0
07/16/2015,4,-73.9652931,40.759308,2015,0,0
07/15/2015,4,-73.9303181,40.6774132,2015,0,1
07/15/2015,4,-73.9537863,40.6645136,2015,0,0
07/14/2015,4,-73.9113446,40.8049944,2015,0,0
07/14/2015,4,-73.9033237,40.8653123,2015,0,1
07/14/2015,4,-73.8851084,40.8364762,2015,0,0
07/13/2015,4,-74.0036012,40.6583541,2015,0,2
07/13/2015,4,-73.8037077,40.6755733,2015,0,0
07/13/2015,4,-73.98906,40.6441204,2015,0,0
07/13/2015,4,-73.8031211,40.677663,2015,0,2
07/13/2015,4,-73.9744433,40.750766,2015,0,0
07/13/2015,4,-73.9588098,40.7599125,2015,0,0
07/12/2015,4,-73.9011755,40.8243896,2015,0,0
07/12/2015,4,-73.7619208,40.7291323,2015,0,0
07/12/2015,4,-73.9183658,40.6988063,2015,0,0
07/12/2015,4,-73.9337309,40.8493212,2015,0,0
07/12/2015,4,-73.9548711,40.6061132,2015,0,0
07/12/2015,4,-73.8333119,40.6991071,2015,0,0
07/12/2015,4,-73.9985895,40.7170989,2015,0,0
07/12/2015,4,-73.9849757,40.7791238,2015,0,0
07/12/2015,4,-73.9545761,40.7697535,2015,0,0
07/12/2015,4,-73.846784,40.684046,2015,0,0
07/12/2015,4,-73.9207095,40.6082027,2015,0,1
07/12/2015,4,-73.8330751,40.6659389,2015,0,5
07/12/2015,4,-73.9783479,40.7524109,2015,0,0
07/11/2015,4,-74.0257236,40.6406294,2015,0,0
07/11/2015,4,-73.926926,40.7301399,2015,0,0
07/11/2015,4,-73.8916479,40.659932,2015,0,0
07/11/2015,4,-73.8860059,40.6775782,2015,0,1
07/11/2015,4,-73.9017541,40.6723337,2015,0,0
07/11/2015,4,-73.9401652,40.8488334,2015,0,0
07/11/2015,4,-73.828758,40.6776719,2015,0,0
07/11/2015,4,-73.9287974,40.6463825,2015,0,0
07/10/2015,4,-73.9730496,40.6539112,2015,0,0
07/10/2015,4,-73.9086372,40.7451059,2015,0,1
07/10/2015,4,-73.9128785,40.7058783,2015,0,0
07/09/2015,4,-73.8663821,40.8775525,2015,0,0
07/09/2015,4,-73.867132,40.7556135,2015,0,0
07/08/2015,4,-73.8337797,40.7199988,2015,0,0
07/08/2015,4,-73.8753457,40.7351771,2015,0,0
07/08/2015,4,-73.9072442,40.7113964,2015,0,0
07/08/2015,4,-73.9756004,40.7166435,2015,0,2
07/08/2015,4,-73.9060513,40.7055655,2015,0,0
07/08/2015,4,-73.7492501,40.7029291,2015,0,0
07/07/2015,4,-73.7926883,40.7156799,2015,0,0
07/07/2015,4,-73.9447738,40.7791445,2015,0,0
07/07/2015,4,-73.9120996,40.727608,2015,0,0
07/06/2015,4,-73.8259932,40.6899534,2015,0,0
07/06/2015,4,-74.0093965,40.6525178,2015,0,0
07/06/2015,4,-73.9473822,40.7406973,2015,0,0
07/06/2015,4,-73.8052998,40.6817397,2015,0,1
07/06/2015,4,-73.9029097,40.6362957,2015,0,0
07/06/2015,4,-73.8864392,40.7216514,2015,0,0
07/06/2015,4,-73.9377529,40.8348917,2015,0,0
07/06/2015,4,-73.9917667,40.6108455,2015,0,0
07/05/2015,4,-73.9221241,40.8187955,2015,0,0
07/05/2015,4,-73.9923627,40.6896895,2015,0,0
07/05/2015,4,-73.7676575,40.6865951,2015,0,0
07/05/2015,4,-74.0882744,40.6340466,2015,0,2
07/05/2015,4,-73.9336973,40.6981053,2015,0,0
07/05/2015,4,-73.8449657,40.8194284,2015,0,0
07/05/2015,4,-73.7658688,40.6825704,2015,0,0
07/05/2015,4,-73.7658688,40.6825704,2015,0,0
07/05/2015,4,-73.9356405,40.8407121,2015,0,0
07/05/2015,4,-73.8855916,40.738325,2015,0,10
07/05/2015,4,-73.8977865,40.8172449,2015,0,0
07/05/2015,4,-73.7546924,40.7000039,2015,0,0
07/05/2015,4,-73.8507658,40.8172293,2015,0,0
07/04/2015,4,-73.9958754,40.7386864,2015,0,0
07/04/2015,4,-73.9897922,40.7572323,2015,0,0
07/04/2015,4,-73.9170371,40.7354542,2015,0,0
07/04/2015,4,-73.975488,40.6382692,2015,0,0
07/04/2015,4,-73.9150255,40.835267,2015,0,0
07/04/2015,4,-73.8483417,40.8203634,2015,0,0
07/04/2015,4,-73.9928041,40.7429104,2015,0,2
07/04/2015,4,-74.0083661,40.7503074,2015,0,0
07/04/2015,4,-73.9238872,40.7019584,2015,0,1
07/03/2015,4,-73.9909565,40.636147,2015,0,1
07/03/2015,4,-73.9031775,40.6553118,2015,0,0
07/03/2015,4,-73.8577329,40.8654764,2015,0,0
07/03/2015,4,-73.9680255,40.7595778,2015,0,0
07/03/2015,4,-73.9550003,40.8151131,2015,0,0
07/03/2015,4,-73.9890116,40.7187947,2015,0,0
07/03/2015,4,-73.7705182,40.7626803,2015,0,2
07/02/2015,4,-73.9259009,40.7722611,2015,0,0
07/02/2015,4,-73.8452326,40.8895505,2015,0,0
07/02/2015,4,-73.9760491,40.7514416,2015,0,0
07/01/2015,4,-74.0779083,40.6060735,2015,0,0
07/01/2015,4,-73.9890504,40.768439,2015,0,0
07/01/2015,4,-73.9405708,40.7850321,2015,0,0
07/01/2015,4,-73.9449618,40.6695546,2015,0,1
07/01/2015,4,-73.9015249,40.7226205,2015,0,0
07/01/2015,4,-73.948827,40.7858819,2015,0,1
07/01/2015,4,-73.8663028,40.6831865,2015,0,1
07/01/2015,4,-73.8446402,40.6802965,2015,0,0
07/01/2015,4,-73.940929,40.8190948,2015,0,1
06/30/2015,4,-73.9888427,40.7585332,2015,0,0
06/29/2015,4,-73.915901,40.8201744,2015,0,0
06/29/2015,4,-73.9291223,40.727873,2015,0,0
06/29/2015,4,-73.9415775,40.8334884,2015,1,1
06/29/2015,4,-73.8693962,40.8416223,2015,0,0
06/29/2015,4,-73.9102326,40.7529763,2015,0,1
06/29/2015,4,-73.9369052,40.6922854,2015,0,0
06/28/2015,4,-73.7918854,40.7393734,2015,0,1
06/28/2015,4,-73.9836655,40.6151842,2015,0,0
06/28/2015,4,-73.8681391,40.6826644,2015,0,0
06/28/2015,4,-73.9854869,40.7529363,2015,0,0
06/28/2015,4,-73.9722023,40.749824,2015,0,0
06/28/2015,4,-73.7555721,40.665737,2015,0,2
06/28/2015,4,-73.8211022,40.6958225,2015,0,0
06/28/2015,4,-73.9082455,40.7045929,2015,0,0
06/28/2015,4,-73.997557,40.6401355,2015,0,1
06/28/2015,4,-73.9090451,40.8772207,2015,1,10
06/28/2015,4,-73.9259293,40.8278116,2015,0,0
06/28/2015,4,-73.8716767,40.8636341,2015,0,0
06/28/2015,4,-73.8929487,40.824138,2015,0,0
06/28/2015,4,-73.9227518,40.6670963,2015,0,0
06/28/2015,4,-73.9943462,40.7714641,2015,0,0
06/28/2015,4,-73.9339378,40.7428752,2015,0,0
04/11/2015,4,-74.1770146,40.6244109,2015,0,0
06/27/2015,4,-73.9223863,40.804696,2015,0,0
06/27/2015,4,-73.9839876,40.7854219,2015,0,1
06/27/2015,4,-73.9215703,40.8043441,2015,0,0
06/27/2015,4,-73.8275149,40.7624202,2015,0,0
06/27/2015,4,-73.9309605,40.8040166,2015,0,0
06/27/2015,4,-73.9552712,40.6701245,2015,0,0
06/27/2015,4,-73.8991966,40.7306661,2015,0,0
06/27/2015,4,-73.8921621,40.6762804,2015,0,0
06/26/2015,4,-73.8260395,40.8808719,2015,0,0
06/26/2015,4,-73.8463682,40.8770335,2015,0,0
06/26/2015,4,-73.9337309,40.8493212,2015,0,0
06/26/2015,4,-73.967462,40.7602226,2015,0,0
06/26/2015,4,-73.8769618,40.7451642,2015,0,0
06/26/2015,4,-73.832643,40.7188118,2015,0,0
06/26/2015,4,-73.9135535,40.6692636,2015,0,0
06/25/2015,4,-73.7716273,40.69296,2015,0,0
06/25/2015,4,-73.9120996,40.727608,2015,0,1
06/24/2015,4,-73.7367213,40.6735319,2015,0,0
06/24/2015,4,-74.1939683,40.5483283,2015,0,0
06/23/2015,4,-74.0125507,40.7015053,2015,0,1
06/23/2015,4,-73.9896203,40.7014547,2015,0,0
06/23/2015,4,-73.7642738,40.7186499,2015,0,0
06/23/2015,4,-74.0172347,40.6419869,2015,0,0
06/22/2015,4,-73.9162233,40.6990271,2015,0,1
06/22/2015,4,-73.9818892,40.6306728,2015,0,0
06/22/2015,4,-73.9150358,40.6715017,2015,0,0
06/21/2015,4,-73.9207095,40.6082027,2015,0,0
06/21/2015,4,-73.769539,40.5949831,2015,0,0
06/21/2015,4,-73.8931046,40.6618355,2015,0,1
06/21/2015,4,-74.0212161,40.6184717,2015,0,0
06/21/2015,4,-73.9122679,40.8381935,2015,0,0
06/21/2015,4,-73.9393332,40.8416802,2015,0,0
06/21/2015,4,-73.8308861,40.7000093,2015,0,0
06/21/2015,4,-73.9721247,40.7456822,2015,0,0
06/21/2015,4,-73.7567868,40.7621739,2015,0,0
06/21/2015,4,-73.8615422,40.8661535,2015,0,2
06/21/2015,4,-73.9721247,40.7456822,2015,0,0
06/21/2015,4,-73.8886766,40.7471331,2015,0,0
06/21/2015,4,-73.9644216,40.6811205,2015,0,0
06/21/2015,4,-73.9529114,40.7140618,2015,0,1
06/21/2015,4,-73.9809032,40.6965588,2015,0,1
06/21/2015,4,-73.7631622,40.69036,2015,0,2
06/20/2015,4,-73.9196986,40.8378751,2015,0,0
06/20/2015,4,-73.794641,40.7012377,2015,0,1
06/20/2015,4,-73.9529233,40.6972035,2015,0,0
06/20/2015,4,-74.0085823,40.7199532,2015,0,1
06/20/2015,4,-73.9756004,40.7166435,2015,0,1
06/20/2015,4,-73.8674922,40.743301,2015,0,1
06/20/2015,4,-73.9909669,40.7454217,2015,0,0
06/20/2015,4,-73.8500701,40.6898418,2015,0,0
06/20/2015,4,-73.7926578,40.6825669,2015,0,1
06/19/2015,4,-73.906022,40.7032764,2015,0,0
06/19/2015,4,-74.108492,40.644056,2015,0,0
06/19/2015,4,-73.7824288,40.6903432,2015,0,1
06/19/2015,4,-73.9789645,40.7113672,2015,0,1
06/19/2015,4,-73.8262226,40.8343549,2015,0,1
06/18/2015,4,-73.9934591,40.7244328,2015,0,0
06/18/2015,4,-73.9493728,40.7140658,2015,0,0
06/17/2015,4,-73.8876672,40.7122381,2015,0,0
06/17/2015,4,-73.967462,40.7602226,2015,0,1
06/17/2015,4,-73.8855495,40.7061536,2015,0,0
06/16/2015,4,-73.9367193,40.8197705,2015,0,0
06/15/2015,4,-73.8190313,40.6855401,2015,0,0
06/15/2015,4,-73.918923,40.753636,2015,0,0
06/14/2015,4,-73.9743118,40.6797343,2015,0,0
06/14/2015,4,-73.9406446,40.8057361,2015,0,0
06/14/2015,4,-73.9275877,40.7017631,2015,0,0
06/14/2015,4,-73.7562119,40.7134977,2015,0,1
06/14/2015,4,-73.8552926,40.7025952,2015,0,2
06/14/2015,4,-73.806299,40.6807901,2015,0,0
06/14/2015,4,-73.9170371,40.7354542,2015,0,0
06/14/2015,4,-73.8320388,40.8909538,2015,0,2
06/14/2015,4,-73.9546954,40.610266,2015,0,0
06/14/2015,4,-73.7258627,40.6832423,2015,1,0
06/13/2015,4,-73.9462797,40.7922458,2015,0,4
06/13/2015,4,-73.993795,40.7209387,2015,0,0
06/13/2015,4,-73.7604934,40.6984928,2015,0,0
06/12/2015,4,-73.9589603,40.6327749,2015,0,0
06/12/2015,4,-74.0085993,40.7113923,2015,0,0
06/12/2015,4,-73.8797182,40.8695471,2015,0,0
06/12/2015,4,-73.8693848,40.6651898,2015,0,0
06/10/2015,4,-73.837628,40.7423301,2015,0,1
06/10/2015,4,-73.9475437,40.6410046,2015,0,3
06/10/2015,4,-73.9634255,40.7618573,2015,0,0
06/10/2015,4,-73.9741894,40.7539938,2015,0,0
06/10/2015,4,-74.0006631,40.647486,2015,0,0
06/10/2015,4,-73.9204485,40.6851855,2015,0,0
06/09/2015,4,-73.9912843,40.7194838,2015,0,1
06/09/2015,4,-74.0013891,40.7276608,2015,0,0
06/08/2015,4,-73.9517592,40.6913292,2015,0,1
06/08/2015,4,-73.8584457,40.8227751,2015,0,0
06/08/2015,4,-73.9256273,40.7521364,2015,0,0
06/08/2015,4,-74.0017682,40.7376736,2015,0,0
06/07/2015,4,-73.9392413,40.6890232,2015,0,0
06/07/2015,4,-73.9316988,40.7056577,2015,0,0
06/07/2015,4,-73.9565264,40.7630434,2015,0,0
06/07/2015,4,-73.9505022,40.6698646,2015,0,0
06/07/2015,4,-73.9421411,40.8378034,2015,0,1
06/07/2015,4,-73.9205977,40.759725,2015,0,0
06/07/2015,4,-73.958978,40.6449672,2015,0,0
06/07/2015,4,-73.9023562,40.6476889,2015,0,0
06/07/2015,4,-73.9110367,40.699531,2015,0,0
06/07/2015,4,-73.9147428,40.8443435,2015,0,0
06/07/2015,4,-73.9303181,40.6774132,2015,0,0
06/07/2015,4,-73.818409,40.7538316,2015,0,1
06/07/2015,4,-73.8627259,40.7498691,2015,0,0
06/07/2015,4,-74.0083661,40.7503074,2015,0,0
06/07/2015,4,-73.9892976,40.7579074,2015,0,1
06/06/2015,4,-73.8671614,40.6829405,2015,0,0
06/06/2015,4,-73.9018991,40.7575642,2015,0,0
06/06/2015,4,-74.0790892,40.6328868,2015,0,0
06/06/2015,4,-73.8680074,40.8348193,2015,0,0
06/06/2015,4,-73.8626438,40.8281708,2015,0,0
06/06/2015,4,-73.9606815,40.5915981,2015,0,0
06/06/2015,4,-73.9253747,40.8326282,2015,0,0
06/06/2015,4,-73.8502469,40.6849783,2015,0,0
06/06/2015,4,-73.7661877,40.7263282,2015,0,0
06/06/2015,4,-74.0128328,40.64936,2015,0,0
06/06/2015,4,-73.9776872,40.763645,2015,0,0
06/06/2015,4,-73.9496688,40.6516965,2015,0,0
06/06/2015,4,-73.9911785,40.7553303,2015,0,0
06/05/2015,4,-73.9529233,40.6972035,2015,0,1
06/05/2015,4,-73.9907272,40.7559505,2015,0,0
06/04/2015,4,-73.9125045,40.724257,2015,0,0
06/04/2015,4,-73.7876722,40.7196616,2015,0,1
06/04/2015,4,-73.9616239,40.7560598,2015,0,0
06/04/2015,4,-73.8803018,40.6758981,2015,0,0
06/03/2015,4,-73.9056401,40.710643,2015,0,0
06/03/2015,4,-73.9192013,40.6194251,2015,0,0
06/02/2015,4,-74.1638869,40.6189834,2015,0,1
06/01/2015,4,-74.0122563,40.64992,2015,0,0
06/01/2015,4,-73.9982311,40.6958033,2015,0,0
06/01/2015,4,-73.7269757,40.6951827,2015,0,0
06/01/2015,4,-73.9986609,40.755251,2015,0,1
06/01/2015,4,-73.8294593,40.6853995,2015,0,0
06/01/2015,4,-73.9767593,40.7434737,2015,0,0
05/31/2015,4,-73.9977685,40.6747417,2015,0,0
05/31/2015,4,-73.942597,40.8371778,2015,0,0
05/31/2015,4,-73.9591486,40.8018439,2015,0,0
05/31/2015,4,-73.9744596,40.5857583,2015,0,0
05/31/2015,4,-73.911064,40.6709552,2015,0,1
05/31/2015,4,-73.7337632,40.7571227,2015,0,0
05/31/2015,4,-73.9185976,40.8663149,2015,0,0
05/31/2015,4,-73.8807209,40.7560484,2015,0,0
05/30/2015,4,-73.9112934,40.6393684,2015,0,0
05/30/2015,4,-73.78953,40.6660102,2015,0,0
05/30/2015,4,-73.8720412,40.6727547,2015,0,0
05/30/2015,4,-73.7320087,40.7123213,2015,0,0
05/30/2015,4,-73.9507352,40.6862043,2015,0,0
05/30/2015,4,-73.908068,40.5928174,2015,0,0
05/30/2015,4,-73.921232,40.8613104,2015,0,0
05/29/2015,4,-73.8986725,40.8617704,2015,0,0
05/28/2015,4,-74.0073571,40.6341626,2015,0,0
05/27/2015,4,-73.9928216,40.7143649,2015,0,0
05/27/2015,4,-73.9618989,40.6981895,2015,0,1
05/26/2015,4,-73.9896169,40.7472771,2015,0,0
05/26/2015,4,-73.9107549,40.678278,2015,1,0
05/26/2015,4,-73.8337659,40.8395728,2015,0,0
05/25/2015,4,-73.9064393,40.8196923,2015,0,0
05/25/2015,4,-73.9496774,40.6784553,2015,0,0
05/25/2015,4,-73.9363409,40.7167794,2015,0,0
05/25/2015,4,-73.8829626,40.7579775,2015,0,0
05/25/2015,4,-73.8330179,40.6926482,2015,0,0
05/24/2015,4,-73.8702958,40.6841902,2015,0,0
05/24/2015,4,-73.7369991,40.6634208,2015,0,1
05/24/2015,4,-73.8976176,40.6781106,2015,0,0
05/24/2015,4,-73.9366568,40.6691002,2015,0,0
05/24/2015,4,-74.0013245,40.7464925,2015,0,0
05/24/2015,4,-74.0029374,40.6588768,2015,0,4
05/24/2015,4,-73.8078807,40.7011892,2015,0,0
05/24/2015,4,-73.7446568,40.6655218,2015,0,0
05/24/2015,4,-73.9273161,40.8185601,2015,0,0
05/23/2015,4,-73.8888365,40.8481339,2015,0,0
05/23/2015,4,-73.8828892,40.6334362,2015,0,0
05/23/2015,4,-73.8791033,40.7523742,2015,0,0
05/23/2015,4,-73.8311644,40.8492962,2015,0,0
05/23/2015,4,-73.9812022,40.5755654,2015,0,0
05/23/2015,4,-73.9560377,40.7213971,2015,0,0
05/23/2015,4,-73.9605992,40.7614858,2015,0,1
05/23/2015,4,-73.9323639,40.5861006,2015,0,0
05/23/2015,4,-73.9222292,40.6918236,2015,0,0
05/23/2015,4,-73.9671533,40.7567642,2015,0,0
05/23/2015,4,-73.8377671,40.7254507,2015,0,0
05/23/2015,4,-73.9818237,40.7521974,2015,0,0
05/22/2015,4,-73.9881767,40.7482897,2015,0,0
05/22/2015,4,-73.9868089,40.7297762,2015,0,0
05/22/2015,4,-73.8460818,40.8992486,2015,0,0
05/22/2015,4,-73.8139159,40.6977532,2015,0,0
05/22/2015,4,-73.9469841,40.8373693,2015,0,0
05/22/2015,4,-73.9353886,40.7613564,2015,0,0
05/22/2015,4,-73.9935606,40.7571447,2015,0,0
05/21/2015,4,-73.8970899,40.8985945,2015,0,1
05/21/2015,4,-73.9443035,40.6765727,2015,0,1
05/21/2015,4,-73.9767362,40.7476292,2015,0,0
05/21/2015,4,-73.8900961,40.8449018,2015,0,0
05/20/2015,4,-74.0178829,40.627482,2015,0,1
05/20/2015,4,-73.9991446,40.754584,2015,0,0
05/19/2015,4,-74.0020898,40.6392242,2015,0,0
05/18/2015,4,-73.9238872,40.7019584,2015,0,1
05/17/2015,4,-73.8373202,40.8669728,2015,0,0
05/17/2015,4,-73.9722023,40.749824,2015,0,2
05/17/2015,4,-73.7970515,40.7382708,2015,0,1
05/17/2015,4,-73.8028169,40.6963855,2015,0,0
05/17/2015,4,-73.9707596,40.7558237,2015,0,0
05/17/2015,4,-73.9207721,40.8619359,2015,0,0
05/17/2015,4,-73.9470156,40.6843801,2015,0,1
05/16/2015,4,-73.9428082,40.6923571,2015,0,0
05/16/2015,4,-73.9732043,40.582725,2015,0,0
05/16/2015,4,-73.9398064,40.7260613,2015,0,1
05/16/2015,4,-73.906908,40.7532838,2015,0,0
05/16/2015,4,-73.9425233,40.8515013,2015,0,0
05/16/2015,4,-73.9502377,40.7054724,2015,0,0
05/16/2015,4,-73.9280595,40.8662004,2015,0,0
05/16/2015,4,-73.9112306,40.6730798,2015,0,1
05/16/2015,4,-73.7956137,40.6886573,2015,0,1
05/16/2015,4,-73.9773661,40.7844638,2015,0,2
05/16/2015,4,-73.8371912,40.8448058,2015,0,0
05/16/2015,4,-73.9964024,40.6690078,2015,0,0
05/15/2015,4,-73.883382,40.817352,2015,0,0
05/15/2015,4,-73.756715,40.6685612,2015,0,0
05/15/2015,4,-73.8605323,40.837407,2015,0,0
05/15/2015,4,-73.9285232,40.6668667,2015,0,0
05/14/2015,4,-73.7804582,40.78909,2015,0,0
05/14/2015,4,-73.9216562,40.663843,2015,0,0
05/14/2015,4,-74.0002743,40.7428393,2015,0,0
05/13/2015,4,-73.9257543,40.7547111,2015,0,1
05/13/2015,4,-74.0055664,40.633084,2015,0,0
05/13/2015,4,-73.971422,40.6757537,2015,0,0
05/12/2015,4,-73.8982589,40.8130953,2015,0,0
05/12/2015,4,-73.9476079,40.7473589,2015,0,0
05/12/2015,4,-73.8474701,40.8301883,2015,0,0
05/12/2015,4,-73.944355,40.800663,2015,0,0
05/12/2015,4,-73.9796145,40.6824939,2015,0,1
05/11/2015,4,-73.9661497,40.5866702,2015,0,0
05/11/2015,4,-73.9303559,40.834506,2015,0,0
05/11/2015,4,-73.7589248,40.7203928,2015,0,0
05/11/2015,4,-73.7589248,40.7203928,2015,0,0
05/11/2015,4,-73.8140794,40.6977347,2015,0,0
05/11/2015,4,-73.8907757,40.8558127,2015,0,0
05/10/2015,4,-73.9631259,40.644513,2015,0,0
05/10/2015,4,-74.0027863,40.7495913,2015,0,0
05/10/2015,4,-73.9036789,40.7573763,2015,0,2
05/10/2015,4,-73.9536717,40.7879013,2015,0,0
05/10/2015,4,-73.9027227,40.8535233,2015,0,0
05/10/2015,4,-74.00675,40.6520696,2015,0,1
05/10/2015,4,-73.9579038,40.708426,2015,0,1
05/10/2015,4,-74.1128835,40.6412603,2015,0,0
05/10/2015,4,-73.9357553,40.8153263,2015,0,0
05/09/2015,4,-73.9064808,40.8467333,2015,0,0
05/09/2015,4,-73.9309021,40.6566109,2015,0,0
05/09/2015,4,-73.8816554,40.6668225,2015,0,0
05/09/2015,4,-73.9026456,40.8765842,2015,0,2
05/09/2015,4,-73.9887144,40.7485121,2015,0,6
05/09/2015,4,-73.9238045,40.6354853,2015,0,0
05/07/2015,4,-73.9821324,40.6912281,2015,0,1
05/07/2015,4,-74.0068099,40.7440605,2015,0,0
05/07/2015,4,-73.7918854,40.7393734,2015,0,0
05/06/2015,4,-73.8893838,40.7364211,2015,0,0
05/06/2015,4,-73.9780417,40.6848568,2015,0,0
05/05/2015,4,-73.9370335,40.6595266,2015,0,0
05/05/2015,4,-73.863351,40.7342506,2015,0,3
05/05/2015,4,-73.9286595,40.5865954,2015,0,0
05/05/2015,4,-74.0725352,40.6224636,2015,0,1
05/05/2015,4,-73.9811087,40.6515907,2015,0,1
05/05/2015,4,-73.9233221,40.5912114,2015,0,0
05/04/2015,4,-74.0011515,40.762025,2015,0,0
05/04/2015,4,-73.9931449,40.7278664,2015,0,1
05/04/2015,4,-73.7330858,40.6505222,2015,0,0
05/04/2015,4,-73.8527719,40.6975581,2015,0,1
05/04/2015,4,-73.9536048,40.7077437,2015,0,0
05/04/2015,4,-74.114858,40.6181802,2015,0,0
05/03/2015,4,-73.8052998,40.6817397,2015,0,1
05/03/2015,4,-73.8451038,40.8966893,2015,0,0
05/03/2015,4,-73.9069123,40.765712,2015,0,0
05/03/2015,4,-73.9215812,40.7031151,2015,0,0
05/03/2015,4,-73.8986765,40.6336818,2015,0,1
05/03/2015,4,-73.8925647,40.8605215,2015,0,2
05/03/2015,4,-73.7539313,40.7195725,2015,0,0
05/03/2015,4,-73.9337309,40.8493212,2015,0,0
05/03/2015,4,-73.9085253,40.6610144,2015,0,0
05/03/2015,4,-73.9977634,40.7168135,2015,0,0
05/03/2015,4,-74.1004633,40.6342919,2015,0,0
05/03/2015,4,-73.9023571,40.8686957,2015,0,1
05/03/2015,4,-73.9338317,40.7516035,2015,0,0
05/03/2015,4,-73.9494698,40.7050191,2015,0,2
05/03/2015,4,-73.9582947,40.8156907,2015,0,0
05/03/2015,4,-73.8026907,40.6744709,2015,0,0
05/03/2015,4,-73.8988389,40.8593085,2015,0,0
05/03/2015,4,-73.8860957,40.8276556,2015,0,0
05/03/2015,4,-73.9849394,40.7323478,2015,0,0
05/02/2015,4,-73.9196792,40.8479015,2015,0,0
05/02/2015,4,-73.9487599,40.6432449,2015,0,0
05/02/2015,4,-73.8147029,40.7367066,2015,0,0
05/02/2015,4,-73.9002149,40.877046,2015,0,0
05/02/2015,4,-73.9624487,40.6631828,2015,0,0
05/02/2015,4,-73.8526035,40.752541,2015,0,0
05/01/2015,4,-73.9305396,40.7265097,2015,0,0
05/01/2015,4,-74.0109005,40.6445458,2015,0,0
05/01/2015,4,-73.9578098,40.8112661,2015,0,1
05/01/2015,4,-73.9334722,40.8386358,2015,0,0
05/01/2015,4,-73.8488335,40.6881494,2015,0,1
05/01/2015,4,-73.858213,40.8132973,2015,0,0
04/30/2015,4,-73.8438131,40.8810483,2015,0,0
04/30/2015,4,-73.9265076,40.7524334,2015,0,0
04/30/2015,4,-73.9815723,40.7736009,2015,0,0
04/29/2015,4,-73.9024964,40.7194072,2015,0,0
04/29/2015,4,-73.9597766,40.766868,2015,0,0
04/29/2015,4,-74.0751563,40.6340806,2015,0,3
04/27/2015,4,-73.9374076,40.8101754,2015,0,1
04/27/2015,4,-73.9851922,40.7635447,2015,0,0
04/27/2015,4,-73.9106996,40.7761313,2015,0,1
04/27/2015,4,-73.9767593,40.7434737,2015,0,0
04/27/2015,4,-73.8258766,40.6945315,2015,0,2
04/26/2015,4,-73.9328974,40.6794843,2015,0,0
04/26/2015,4,-73.7767096,40.7216199,2015,0,0
04/26/2015,4,-73.7277536,40.6814763,2015,0,0
04/26/2015,4,-73.918015,40.7465649,2015,0,1
04/26/2015,4,-73.9469009,40.805838,2015,0,1
04/26/2015,4,-73.9820802,40.7779294,2015,0,0
04/26/2015,4,-73.9528241,40.6539787,2015,0,1
04/26/2015,4,-73.898441,40.8263497,2015,0,0
04/26/2015,4,-73.8445705,40.902038,2015,0,0
04/25/2015,4,-73.8433751,40.8536007,2015,0,0
04/25/2015,4,-73.9291223,40.727873,2015,0,0
04/25/2015,4,-73.9845292,40.6960346,2015,0,0
04/25/2015,4,-74.1248984,40.5689499,2015,0,0
04/25/2015,4,-73.9624487,40.6631828,2015,0,0
04/25/2015,4,-73.9698495,40.7570751,2015,0,0
04/25/2015,4,-73.9763154,40.6825097,2015,0,2
04/25/2015,4,-73.925707,40.6353658,2015,0,3
04/25/2015,4,-73.7656691,40.6552539,2015,0,0
04/25/2015,4,-73.740563,40.6367879,2015,0,1
04/24/2015,4,-73.9492066,40.6953767,2015,0,0
04/24/2015,4,-73.8867166,40.7473426,2015,0,0
04/24/2015,4,-73.9055801,40.7453916,2015,0,0
04/24/2015,4,-74.0265988,40.6397866,2015,0,1
04/24/2015,4,-73.9477302,40.6697124,2015,0,1
04/24/2015,4,-73.9362273,40.8204372,2015,0,0
04/24/2015,4,-73.9254639,40.6659178,2015,0,0
04/24/2015,4,-73.7407591,40.717098,2015,0,0
04/23/2015,4,-73.9648018,40.7599831,2015,0,0
04/23/2015,4,-73.99911,40.6915381,2015,0,0
04/23/2015,4,-73.9051224,40.869096,2015,0,0
04/21/2015,4,-73.8927087,40.7488634,2015,0,0
04/21/2015,4,-73.9592163,40.8093398,2015,0,0
04/21/2015,4,-73.8571256,40.7594085,2015,0,0
04/20/2015,4,-73.9698874,40.7529991,2015,0,0
04/19/2015,4,-73.8802991,40.84013,2015,0,0
04/19/2015,4,-73.8525689,40.6947829,2015,0,0
04/19/2015,4,-73.9208622,40.7771543,2015,0,0
04/19/2015,4,-73.9921609,40.7197501,2015,0,0
04/19/2015,4,-73.9825546,40.7313511,2015,0,0
04/19/2015,4,-73.9313394,40.6974205,2015,0,1
04/19/2015,4,-74.0071045,40.654985,2015,0,1
04/19/2015,4,-73.9553688,40.8044198,2015,0,0
04/19/2015,4,-74.0777656,40.6440727,2015,0,0
04/19/2015,4,-73.8682657,40.7463129,2015,0,2
04/19/2015,4,-73.9472285,40.6750535,2015,0,0
04/19/2015,4,-73.9206843,40.705217,2015,0,0
04/18/2015,4,-73.8362477,40.6681886,2015,0,0
04/18/2015,4,-73.9806961,40.6079677,2015,0,0
04/18/2015,4,-73.8979663,40.6575333,2015,0,0
04/18/2015,4,-73.9069787,40.7000328,2015,0,1
04/18/2015,4,-73.8859644,40.8367707,2015,0,0
04/18/2015,4,-73.9261399,40.7032389,2015,0,0
04/18/2015,4,-73.8380162,40.8394937,2015,0,1
04/18/2015,4,-73.9366363,40.6224004,2015,0,3
04/18/2015,4,-73.9981373,40.7649043,2015,0,1
04/17/2015,4,-73.9421971,40.6694023,2015,0,0
04/17/2015,4,-73.919961,40.6527885,2015,0,0
04/17/2015,4,-73.7963478,40.6856092,2015,0,0
04/17/2015,4,-73.8458073,40.6642246,2015,0,1
04/17/2015,4,-74.0024679,40.7303232,2015,0,2
04/17/2015,4,-73.9389617,40.8289858,2015,0,0
04/17/2015,4,-73.8604226,40.8328589,2015,0,0
04/17/2015,4,-73.9031775,40.6553118,2015,0,4
04/16/2015,4,-73.7903765,40.720103,2015,0,1
04/15/2015,4,-73.9309021,40.6566109,2015,0,4
04/15/2015,4,-73.9291428,40.7520316,2015,0,0
04/15/2015,4,-73.9903644,40.7192038,2015,0,0
04/14/2015,4,-73.9506483,40.7305404,2015,0,0
04/14/2015,4,-73.817832,40.739659,2015,0,0
04/13/2015,4,-74.162877,40.5606981,2015,0,0
04/13/2015,4,-73.9396157,40.6577686,2015,0,0
04/12/2015,4,-73.8964115,40.9045032,2015,0,0
04/12/2015,4,-73.7593771,40.7257254,2015,0,4
04/12/2015,4,-74.0007037,40.7422546,2015,0,0
04/12/2015,4,-73.9562587,40.8133899,2015,0,0
04/12/2015,4,-73.9127392,40.8618642,2015,0,1
04/12/2015,4,-73.9118079,40.6999378,2015,0,0
04/12/2015,4,-73.979076,40.7668758,2015,0,0
04/12/2015,4,-73.9894289,40.7261864,2015,0,0
04/11/2015,4,-73.9626516,40.6420178,2015,0,0
04/11/2015,4,-73.9090397,40.8626793,2015,0,2
04/11/2015,4,-73.853471,40.834014,2015,0,2
04/11/2015,4,-73.9122663,40.8750439,2015,0,0
04/11/2015,4,-73.9164642,40.6766464,2015,0,1
04/11/2015,4,-73.9354174,40.6535037,2015,0,0
04/11/2015,4,-73.9840484,40.7614228,2015,0,0
04/11/2015,4,-73.7287776,40.6803164,2015,0,0
04/11/2015,4,-73.9644216,40.6811205,2015,0,0
04/11/2015,4,-73.9455097,40.80197,2015,0,0
04/10/2015,4,-73.9259293,40.8278116,2015,0,0
04/10/2015,4,-73.9358997,40.7377134,2015,0,0
04/10/2015,4,-73.7782642,40.7152111,2015,0,0
04/09/2015,4,-73.7281786,40.6909168,2015,0,0
04/09/2015,4,-73.9189996,40.7589746,2015,0,0
04/09/2015,4,-74.0127369,40.6566254,2015,0,0
04/09/2015,4,-73.9651429,40.5911027,2015,0,0
04/09/2015,4,-73.994019,40.7565272,2015,0,3
04/08/2015,4,-73.9139752,40.8454299,2015,0,0
04/08/2015,4,-73.8842489,40.8361789,2015,0,0
04/08/2015,4,-73.9373965,40.7489156,2015,0,0
04/08/2015,4,-73.9189434,40.8644625,2015,0,0
04/08/2015,4,-73.9138714,40.7303695,2015,0,0
04/07/2015,4,-73.9961278,40.7434293,2015,0,0
04/07/2015,4,-73.879883,40.6742563,2015,0,1
04/06/2015,4,-73.9215288,40.7323495,2015,0,0
04/06/2015,4,-73.9034685,40.8303531,2015,0,0
04/06/2015,4,-73.7414635,40.7056786,2015,0,0
04/05/2015,4,-73.9939473,40.7515235,2015,0,0
04/05/2015,4,-73.8822371,40.8231387,2015,0,0
04/05/2015,4,-73.9253736,40.8625812,2015,0,0
04/05/2015,4,-73.9362567,40.7972388,2015,0,0
04/05/2015,4,-73.9009822,40.8644594,2015,0,0
04/04/2015,4,-73.9396792,40.6912192,2015,0,0
04/04/2015,4,-73.9396792,40.6912192,2015,0,0
04/04/2015,4,-73.8972304,40.7070923,2015,0,0
04/04/2015,4,-73.9519581,40.7151811,2015,0,1
04/04/2015,4,-73.9519581,40.7151811,2015,0,2
04/04/2015,4,-73.9623489,40.6985448,2015,0,0
04/04/2015,4,-73.99527,40.7272105,2015,0,0
04/04/2015,4,-73.8222131,40.682243,2015,0,0
04/04/2015,4,-73.785928,40.6663082,2015,0,0
04/04/2015,4,-73.9135535,40.6692636,2015,0,0
04/04/2015,4,-73.8909216,40.7663513,2015,0,0
04/03/2015,4,-73.8607637,40.8667262,2015,0,1
04/03/2015,4,-73.7267962,40.7408436,2015,0,0
04/03/2015,4,-73.9629254,40.8042578,2015,0,1
04/03/2015,4,-73.9730457,40.7526925,2015,0,0
04/03/2015,4,-73.9907561,40.6259967,2015,0,0
04/02/2015,4,-73.9899039,40.7344344,2015,0,0
04/01/2015,4,-73.9964084,40.7583388,2015,0,0
04/01/2015,4,-73.9102396,40.7343395,2015,0,0
04/01/2015,4,-73.9422288,40.7118008,2015,0,0
03/31/2015,4,-73.9014132,40.8468635,2015,0,0
03/31/2015,4,-73.9283288,40.7365231,2015,0,0
03/31/2015,4,-73.7284402,40.7114306,2015,0,0
03/31/2015,4,-73.9311544,40.8040684,2015,0,0
03/31/2015,4,-73.9981962,40.7210624,2015,0,0
03/30/2015,4,-73.9477726,40.6339973,2015,0,1
03/29/2015,4,-73.9807025,40.6853239,2015,0,0
03/29/2015,4,-73.9666173,40.7532425,2015,0,0
03/29/2015,4,-73.9933586,40.7190695,2015,0,0
03/29/2015,4,-73.8206673,40.7649898,2015,0,0
03/29/2015,4,-73.9989715,40.7446288,2015,0,0
03/29/2015,4,-73.9741129,40.7319646,2015,0,2
03/29/2015,4,-73.931783,40.5881398,2015,0,1
03/29/2015,4,-73.9063754,40.6828007,2015,0,0
03/29/2015,4,-73.8383828,40.6930484,2015,0,0
03/29/2015,4,-73.991232,40.7603532,2015,0,0
03/29/2015,4,-73.9376043,40.8160986,2015,0,0
03/29/2015,4,-73.8750134,40.7507257,2015,0,1
03/29/2015,4,-73.8855916,40.738325,2015,0,0
03/29/2015,4,-73.9502882,40.7005922,2015,0,1
03/28/2015,4,-73.9614062,40.6521704,2015,0,0
03/28/2015,4,-73.990211,40.7319971,2015,0,0
03/28/2015,4,-73.787767,40.7023725,2015,0,0
03/28/2015,4,-73.8117233,40.666692,2015,0,0
03/28/2015,4,-73.9845292,40.6960346,2015,0,0
03/28/2015,4,-73.9928041,40.7429104,2015,0,0
03/28/2015,4,-73.9054499,40.6565461,2015,0,1
03/28/2015,4,-73.9086888,40.6864174,2015,0,0
03/28/2015,4,-73.927241,40.7386003,2015,0,0
03/28/2015,4,-73.8432315,40.6737483,2015,0,0
03/28/2015,4,-73.8222416,40.6661202,2015,0,0
03/28/2015,4,-73.7594419,40.7210636,2015,0,0
03/28/2015,4,-73.9223224,40.7139135,2015,0,0
03/28/2015,4,-73.8705617,40.6697969,2015,0,0
03/27/2015,4,-73.8471797,40.8921276,2015,0,0
03/27/2015,4,-73.9233734,40.7535951,2015,0,0
03/27/2015,4,-73.9290355,40.7002901,2015,0,0
03/27/2015,4,-74.0056304,40.7507879,2015,0,1
03/26/2015,4,-73.9896919,40.7522807,2015,0,0
03/26/2015,4,-73.8773073,40.7633458,2015,0,0
03/25/2015,4,-73.9090957,40.6762456,2015,0,0
03/25/2015,4,-73.7560149,40.6934028,2015,0,1
03/25/2015,4,-73.8310122,40.6943745,2015,0,0
03/24/2015,4,-73.9709207,40.6265698,2015,0,0
03/23/2015,4,-73.9570211,40.6732927,2015,0,0
03/23/2015,4,-73.9598617,40.6556338,2015,0,0
03/23/2015,4,-74.0083868,40.7143621,2015,0,0
03/22/2015,4,-73.7748929,40.7094186,2015,0,0
03/22/2015,4,-73.8421408,40.731493,2015,0,0
03/22/2015,4,-73.8421408,40.731493,2015,0,1
03/22/2015,4,-73.9799732,40.7605247,2015,0,0
03/22/2015,4,-73.7484271,40.6801703,2015,0,0
03/22/2015,4,-73.7918854,40.7393734,2015,0,0
03/22/2015,4,-73.9356863,40.737833,2015,0,2
03/22/2015,4,-73.7600656,40.7031415,2015,0,0
03/22/2015,4,-73.9277777,40.5564074,2015,0,0
03/21/2015,4,-73.8597598,40.7118451,2015,0,1
03/21/2015,4,-73.8982209,40.7599599,2015,0,0
03/21/2015,4,-73.9061582,40.8627785,2015,0,0
03/21/2015,4,-73.9943322,40.6399679,2015,0,0
03/21/2015,4,-74.0775696,40.6149533,2015,0,0
03/21/2015,4,-73.92737,40.6235615,2015,0,0
03/21/2015,4,-73.9260898,40.7314009,2015,0,0
03/21/2015,4,-74.001884,40.7508292,2015,0,0
03/20/2015,4,-74.0858762,40.5958903,2015,0,0
03/20/2015,4,-73.9077407,40.7097444,2015,0,1
03/20/2015,4,-73.9620814,40.7132692,2015,0,0
03/20/2015,4,-74.22443,40.53078,2015,2,3
03/19/2015,4,-73.9208649,40.7566785,2015,0,0
03/19/2015,4,-73.9249432,40.8275118,2015,0,1
03/19/2015,4,-73.9707499,40.7616096,2015,0,0
03/19/2015,4,-73.8901867,40.9000376,2015,0,1
03/19/2015,4,-73.9521255,40.8088622,2015,0,0
03/18/2015,4,-73.9976034,40.753928,2015,0,0
03/18/2015,4,-73.9432427,40.6945587,2015,0,0
03/18/2015,4,-73.886161,40.8169293,2015,0,0
03/18/2015,4,-73.9954735,40.759626,2015,0,0
03/18/2015,4,-73.9909333,40.7007672,2015,0,0
03/18/2015,4,-73.8885098,40.9009283,2015,0,1
03/18/2015,4,-73.9188491,40.6987573,2015,0,0
03/18/2015,4,-73.9452545,40.778486,2015,0,0
03/17/2015,4,-73.9251435,40.8100528,2015,0,0
03/16/2015,4,-73.9574126,40.765868,2015,0,0
03/16/2015,4,-73.8624704,40.8940586,2015,0,2
03/15/2015,4,-73.9605171,40.5894516,2015,0,0
03/15/2015,4,-73.9215236,40.7766141,2015,0,0
03/15/2015,4,-73.9550369,40.7129126,2015,0,1
03/15/2015,4,-73.9109118,40.8050798,2015,0,2
03/15/2015,4,-73.9908182,40.7242734,2015,0,1
03/15/2015,4,-73.9863758,40.73038,2015,0,0
03/15/2015,4,-73.9154253,40.8504784,2015,0,0
03/15/2015,4,-73.9497151,40.6810711,2015,0,0
03/15/2015,4,-73.9790017,40.7851558,2015,0,0
03/15/2015,4,-73.7547118,40.7045383,2015,0,1
03/15/2015,4,-73.9163215,40.6495279,2015,0,0
03/15/2015,4,-73.7972488,40.6833601,2015,0,2
03/14/2015,4,-73.9781387,40.7630248,2015,0,0
03/14/2015,4,-74.0061627,40.6526268,2015,0,0
03/14/2015,4,-73.8189131,40.6958547,2015,0,0
03/14/2015,4,-73.8913352,40.8474693,2015,0,0
03/14/2015,4,-73.8296866,40.709348,2015,0,0
03/14/2015,4,-73.8477929,40.8738817,2015,0,0
03/14/2015,4,-73.7298428,40.6655588,2015,0,1
03/14/2015,4,-74.0053068,40.7217265,2015,0,1
03/14/2015,4,-73.9005028,40.6967392,2015,0,0
03/14/2015,4,-73.7920705,40.7645465,2015,0,1
03/14/2015,4,-73.8419873,40.695219,2015,0,0
03/14/2015,4,-73.9275386,40.6772496,2015,0,1
03/13/2015,4,-73.9516499,40.643065,2015,0,1
03/11/2015,4,-74.0044171,40.7422847,2015,0,0
03/09/2015,4,-73.9527693,40.6753551,2015,0,3
03/09/2015,4,-73.9490277,40.7686435,2015,0,1
03/09/2015,4,-73.9303642,40.7644907,2015,0,0
03/09/2015,4,-73.9588624,40.7681193,2015,0,1
03/08/2015,4,-73.8862279,40.8707779,2015,0,2
03/08/2015,4,-73.9069986,40.6702411,2015,0,0
03/08/2015,4,-73.979056,40.7617706,2015,0,0
03/08/2015,4,-73.9002685,40.7063567,2015,0,0
03/08/2015,4,-73.9121623,40.7019226,2015,0,0
03/08/2015,4,-73.9323639,40.5861006,2015,0,0
03/08/2015,4,-73.8873356,40.6296639,2015,0,0
03/08/2015,4,-73.9236088,40.6616622,2015,0,0
03/07/2015,4,-73.9360965,40.7497328,2015,0,0
03/07/2015,4,-73.9785731,40.6131001,2015,0,0
03/07/2015,4,-73.86755,40.8848174,2015,0,0
03/07/2015,4,-73.9835337,40.7260539,2015,0,0
03/07/2015,4,-73.9280121,40.8197874,2015,0,0
03/07/2015,4,-74.0009562,40.7317065,2015,0,0
03/07/2015,4,-74.0894424,40.6076902,2015,0,0
03/07/2015,4,-73.9124295,40.7840512,2015,0,0
03/07/2015,4,-73.9405708,40.7850321,2015,0,0
03/07/2015,4,-73.9370159,40.6323121,2015,0,0
03/06/2015,4,-73.8958679,40.6718921,2015,0,0
03/06/2015,4,-73.8658311,40.7366431,2015,0,0
03/06/2015,4,-73.9610689,40.7608574,2015,0,0
03/06/2015,4,-73.8278506,40.7484636,2015,0,0
03/06/2015,4,-73.8460203,40.7414516,2015,0,0
03/05/2015,4,-73.8945749,40.7007989,2015,0,0
03/04/2015,4,-73.8301837,40.8865596,2015,0,0
03/04/2015,4,-73.80801,40.68714,2015,0,0
03/03/2015,4,-73.9359293,40.8485182,2015,0,0
03/03/2015,4,-73.9229969,40.7608493,2015,0,0
03/02/2015,4,-73.9945276,40.760927,2015,0,0
03/02/2015,4,-73.8930801,40.6257902,2015,0,0
03/02/2015,4,-73.9771875,40.747009,2015,0,0
03/02/2015,4,-73.9048619,40.7175866,2015,0,0
03/02/2015,4,-73.9346341,40.7394255,2015,0,0
03/01/2015,4,-73.9307531,40.7445614,2015,0,0
03/01/2015,4,-73.7808366,40.6672125,2015,1,0
03/01/2015,4,-74.0826002,40.631468,2015,0,0
03/01/2015,4,-73.8993168,40.8540693,2015,0,1
03/01/2015,4,-74.0098623,40.6420976,2015,0,0
03/01/2015,4,-74.0163384,40.6459972,2015,0,1
03/01/2015,4,-73.9526858,40.7270994,2015,0,0
03/01/2015,4,-73.9282179,40.816535,2015,0,0
03/01/2015,4,-73.8537368,40.8117245,2015,0,0
03/01/2015,4,-73.9807053,40.6134024,2015,0,0
03/01/2015,4,-73.8240129,40.7169922,2015,0,1
03/01/2015,4,-73.9262037,40.6130427,2015,0,0
03/01/2015,4,-73.9714096,40.7635887,2015,0,0
03/01/2015,4,-73.7760445,40.7091107,2015,0,0
02/28/2015,4,-74.0064485,40.7394054,2015,0,0
02/28/2015,4,-73.9901807,40.619132,2015,0,1
02/28/2015,4,-73.8441897,40.6894744,2015,0,0
02/28/2015,4,-73.9829307,40.6997727,2015,0,0
02/28/2015,4,-73.9376442,40.6809637,2015,0,0
02/28/2015,4,-73.8330725,40.7299195,2015,0,1
02/28/2015,4,-73.8960069,40.8555952,2015,0,2
02/28/2015,4,-74.0029655,40.6806961,2015,0,0
02/28/2015,4,-73.8728037,40.8268101,2015,0,1
02/26/2015,4,-74.0054264,40.7278775,2015,0,0
02/26/2015,4,-73.8635575,40.8953759,2015,0,1
02/23/2015,4,-74.0001371,40.7161987,2015,0,0
02/23/2015,4,-73.9704518,40.6117039,2015,0,0
02/23/2015,4,-73.9498444,40.6768744,2015,0,0
02/22/2015,4,-73.8636969,40.8979753,2015,0,0
02/22/2015,4,-73.8839372,40.7476308,2015,0,0
02/22/2015,4,-73.7269595,40.697979,2015,0,0
02/22/2015,4,-73.9369284,40.8050452,2015,0,0
02/22/2015,4,-73.9343074,40.6644959,2015,0,0
02/22/2015,4,-73.9918693,40.7441866,2015,0,0
02/22/2015,4,-73.9316086,40.6635556,2015,0,0
02/22/2015,4,-73.8142752,40.6946808,2015,0,0
02/22/2015,4,-73.8280776,40.6660852,2015,0,0
02/22/2015,4,-73.8063051,40.666417,2015,0,0
02/22/2015,4,-73.9762585,40.5792123,2015,0,0
02/22/2015,4,-73.9454636,40.6642272,2015,0,0
02/22/2015,4,-73.8301393,40.7539153,2015,0,0
02/22/2015,4,-73.8996069,40.7408961,2015,0,4
02/22/2015,4,-73.8628294,40.7659806,2015,0,0
02/22/2015,4,-74.1190083,40.6287077,2015,0,0
02/22/2015,4,-73.8814914,40.8748105,2015,0,0
02/21/2015,4,-73.8635482,40.8646545,2015,0,0
02/21/2015,4,-73.9243649,40.6114632,2015,0,0
02/21/2015,4,-73.9922364,40.7212488,2015,0,0
02/21/2015,4,-73.9377918,40.6966885,2015,0,0
02/21/2015,4,-73.9000457,40.6768941,2015,0,0
02/21/2015,4,-73.9178876,40.6156473,2015,0,0
02/21/2015,4,-73.9954735,40.759626,2015,0,0
02/21/2015,4,-73.8794051,40.7371576,2015,0,0
02/21/2015,4,-74.2208355,40.5490923,2015,0,0
02/21/2015,4,-73.9922423,40.7640559,2015,0,1
02/21/2015,4,-73.8523438,40.7534092,2015,0,0
02/21/2015,4,-73.9046705,40.715215,2015,0,0
02/20/2015,4,-73.9416888,40.8384262,2015,0,0
02/20/2015,4,-73.989053,40.7307234,2015,0,0
02/20/2015,4,-73.8997994,40.8240591,2015,0,0
02/20/2015,4,-73.8932513,40.7728695,2015,0,0
02/20/2015,4,-74.0087909,40.7423751,2015,0,1
02/19/2015,4,-73.911485,40.6226171,2015,0,1
02/19/2015,4,-73.7596704,40.6727011,2015,0,0
02/19/2015,4,-73.8225195,40.5860907,2015,0,0
02/18/2015,4,-73.9319935,40.8516971,2015,0,1
02/18/2015,4,-73.8943174,40.851891,2015,0,0
02/18/2015,4,-73.8338058,40.8366415,2015,0,0
02/18/2015,4,-73.9185258,40.7124479,2015,0,0
02/18/2015,4,-73.7463926,40.6657945,2015,0,0
02/17/2015,4,-73.8604722,40.8781026,2015,0,0
02/17/2015,4,-73.9589237,40.6512116,2015,0,0
02/17/2015,4,-73.83456,40.7862082,2015,0,0
02/17/2015,4,-73.9447576,40.7197624,2015,0,2
02/17/2015,4,-73.9167618,40.8165575,2015,0,0
02/17/2015,4,-73.8450214,40.7080432,2015,0,0
02/17/2015,4,-73.9053847,40.839769,2015,0,0
02/17/2015,4,-74.0175102,40.6485332,2015,0,1
02/16/2015,4,-73.9141598,40.8451775,2015,0,0
02/16/2015,4,-73.832643,40.7188118,2015,0,0
02/16/2015,4,-73.8971568,40.7524576,2015,0,0
02/16/2015,4,-73.9713978,40.6482565,2015,0,0
02/15/2015,4,-74.2511482,40.5118788,2015,0,0
02/15/2015,4,-73.9124783,40.7441674,2015,0,1
02/15/2015,4,-73.9350843,40.8514354,2015,0,0
02/15/2015,4,-73.9598617,40.6556338,2015,0,0
02/15/2015,4,-73.9179381,40.8265162,2015,0,2
02/15/2015,4,-73.9866041,40.7257771,2015,0,0
02/15/2015,4,-73.9613194,40.6714058,2015,0,0
02/15/2015,4,-73.9442307,40.6773522,2015,0,0
02/15/2015,4,-74.0025224,40.7397514,2015,0,0
02/15/2015,4,-73.9266876,40.6446136,2015,0,0
02/15/2015,4,-73.9226784,40.8268488,2015,0,0
02/15/2015,4,-73.9253736,40.8625812,2015,0,0
02/15/2015,4,-73.8190352,40.609707,2015,0,0
02/15/2015,4,-73.9644216,40.6811205,2015,0,0
02/14/2015,4,-73.9394287,40.6692499,2015,0,0
02/14/2015,4,-73.7385662,40.6663969,2015,0,0
02/14/2015,4,-73.9214796,40.7434822,2015,0,9
02/14/2015,4,-73.9147428,40.8443435,2015,0,1
02/14/2015,4,-73.9890305,40.6921238,2015,0,0
02/14/2015,4,-73.9575984,40.7065677,2015,0,1
02/14/2015,4,-73.9592525,40.7089041,2015,0,0
02/14/2015,4,-73.9889851,40.7267792,2015,0,0
02/14/2015,4,-74.1500095,40.5377004,2015,0,0
02/12/2015,4,-73.7806252,40.6675224,2015,0,1
02/12/2015,4,-73.8985442,40.8676769,2015,0,0
02/11/2015,4,-73.9535212,40.6673324,2015,0,1
02/11/2015,4,-73.892648,40.72545,2015,0,0
02/11/2015,4,-73.9130382,40.7133332,2015,0,1
02/11/2015,4,-74.1165489,40.6109292,2015,0,1
02/10/2015,4,-73.966775,40.6322943,2015,0,0
02/10/2015,4,-73.8678817,40.6669969,2015,0,0
02/09/2015,4,-73.9001884,40.6586744,2015,0,0
02/09/2015,4,-74.1261902,40.6221016,2015,0,0
02/09/2015,4,-73.8940006,40.8487755,2015,0,0
02/09/2015,4,-73.9985895,40.7170989,2015,0,0
02/09/2015,4,-73.9040453,40.7671167,2015,0,0
02/08/2015,4,-73.953369,40.699405,2015,0,0
02/08/2015,4,-73.8108147,40.6924673,2015,0,0
02/08/2015,4,-74.0769836,40.6377959,2015,0,0
02/08/2015,4,-74.0042251,40.7311273,2015,0,1
02/08/2015,4,-73.8955418,40.6706265,2015,0,0
02/08/2015,4,-73.8059498,40.6830976,2015,0,1
02/08/2015,4,-73.9228869,40.8091071,2015,0,0
02/08/2015,4,-73.9039386,40.8801342,2015,0,0
02/08/2015,4,-73.9739824,40.7571804,2015,0,0
02/07/2015,4,-73.8693515,40.6766657,2015,0,1
02/07/2015,4,-73.9999386,40.7484001,2015,0,0
02/07/2015,4,-73.9372643,40.663191,2015,0,0
02/07/2015,4,-73.9532731,40.7281344,2015,0,0
02/07/2015,4,-73.9686568,40.6146211,2015,0,1
02/07/2015,4,-73.8836235,40.8672566,2015,0,0
02/07/2015,4,-73.9258723,40.8660261,2015,0,0
02/06/2015,4,-73.9901483,40.7166072,2015,0,0
02/06/2015,4,-73.9365889,40.8429166,2015,0,0
02/06/2015,4,-73.8257329,40.7157218,2015,0,0
02/06/2015,4,-73.9069229,40.6547385,2015,0,0
02/06/2015,4,-74.0112801,40.6097062,2015,0,1
02/04/2015,4,-74.1568766,40.5541546,2015,0,1
02/04/2015,4,-73.9975948,40.6702996,2015,0,1
02/04/2015,4,-73.9092172,40.8518022,2015,0,0
02/04/2015,4,-73.8371456,40.7079562,2015,0,0
02/04/2015,4,-73.9380784,40.6831597,2015,0,0
02/03/2015,4,-73.8258766,40.6945315,2015,0,0
02/03/2015,4,-73.8187058,40.679254,2015,0,0
02/03/2015,4,-74.0167436,40.6379659,2015,0,0
02/03/2015,4,-73.9602427,40.6572314,2015,0,0
02/02/2015,4,-73.9173319,40.8491541,2015,0,0
02/02/2015,4,-73.926144,40.7287817,2015,0,0
02/02/2015,4,-73.8924213,40.6609263,2015,0,0
02/02/2015,4,-73.9973009,40.6472719,2015,0,0
02/02/2015,4,-73.740502,40.7034339,2015,0,0
02/02/2015,4,-73.9165445,40.6758395,2015,0,0
02/02/2015,4,-73.930381,40.6517331,2015,0,1
02/02/2015,4,-73.9248696,40.5918822,2015,0,0
02/02/2015,4,-73.953191,40.6088079,2015,0,0
02/02/2015,4,-73.9526861,40.7723438,2015,0,0
02/02/2015,4,-73.9775855,40.7870466,2015,0,0
02/02/2015,4,-73.8920652,40.6604621,2015,0,0
02/01/2015,4,-73.9851922,40.7635447,2015,0,0
02/01/2015,4,-73.9353252,40.8043691,2015,0,1
02/01/2015,4,-73.9258723,40.8660261,2015,0,0
02/01/2015,4,-73.9153148,40.8265445,2015,0,0
01/31/2015,4,-73.8249847,40.740343,2015,0,0
01/31/2015,4,-73.838812,40.7279001,2015,0,0
01/31/2015,4,-73.9109118,40.8050798,2015,0,0
01/31/2015,4,-73.9501591,40.6562613,2015,0,1
01/31/2015,4,-73.8817778,40.6923473,2015,0,0
01/31/2015,4,-73.8853163,40.877334,2015,0,0
01/31/2015,4,-73.9493331,40.7851932,2015,0,0
01/31/2015,4,-73.8794051,40.7371576,2015,0,0
01/31/2015,4,-73.9924679,40.62051,2015,0,0
01/30/2015,4,-73.9278401,40.69183,2015,0,0
01/30/2015,4,-73.9211176,40.6285858,2015,0,0
01/30/2015,4,-73.9211176,40.6285858,2015,0,0
01/30/2015,4,-73.8457632,40.785565,2015,0,0
01/30/2015,4,-73.9420297,40.6711863,2015,0,0
01/30/2015,4,-73.8254398,40.7043407,2015,0,1
01/30/2015,4,-73.9529869,40.678723,2015,0,0
01/29/2015,4,-73.8323482,40.7596798,2015,0,0
01/29/2015,4,-74.0185131,40.6264095,2015,0,0
01/29/2015,4,-73.9046746,40.8511013,2015,0,4
01/29/2015,4,-73.9953816,40.5754516,2015,0,0
01/28/2015,4,-73.836988,40.8448213,2015,0,0
01/28/2015,4,-73.7886317,40.5888824,2015,0,0
01/26/2015,4,-73.9205559,40.7433745,2015,0,0
01/26/2015,4,-73.8635575,40.8953759,2015,0,0
01/26/2015,4,-73.9029238,40.8643623,2015,0,0
01/25/2015,4,-73.9574794,40.7291708,2015,0,0
01/25/2015,4,-73.9848356,40.7601164,2015,0,0
01/25/2015,4,-73.9869481,40.7560353,2015,0,0
01/25/2015,4,-73.9814728,40.6899325,2015,0,0
01/25/2015,4,-73.9510061,40.5972624,2015,0,0
01/25/2015,4,-73.9826602,40.6860873,2015,0,0
01/24/2015,4,-73.9917667,40.6108455,2015,0,0
01/24/2015,4,-73.9269181,40.7401756,2015,0,0
01/24/2015,4,-73.8971178,40.7146101,2015,0,0
01/24/2015,4,-73.8877728,40.8252255,2015,0,0
01/24/2015,4,-73.9272277,40.6945469,2015,0,0
01/24/2015,4,-73.9372571,40.7934736,2015,0,0
01/24/2015,4,-73.8606863,40.6844644,2015,0,0
01/24/2015,4,-73.8186057,40.8750199,2015,0,0
01/24/2015,4,-73.9628143,40.6605095,2015,0,1
01/24/2015,4,-73.8912714,40.6764305,2015,0,0
01/24/2015,4,-73.9547354,40.7105932,2015,0,0
01/24/2015,4,-73.8747966,40.741289,2015,0,0
01/24/2015,4,-73.8387529,40.866574,2015,0,0
01/24/2015,4,-73.9907516,40.7365314,2015,0,0
01/24/2015,4,-73.9561419,40.694578,2015,0,0
01/24/2015,4,-73.9632932,40.6808814,2015,0,0
01/24/2015,4,-73.9287801,40.7536947,2015,0,0
01/23/2015,4,-73.9624487,40.6631828,2015,0,0
01/23/2015,4,-73.9300822,40.8543089,2015,0,0
01/23/2015,4,-73.9131331,40.8398108,2015,0,0
01/22/2015,4,-73.926734,40.6942804,2015,0,1
01/22/2015,4,-73.9447576,40.7197624,2015,0,1
01/22/2015,4,-73.9885376,40.7274022,2015,0,0
01/22/2015,4,-73.8700006,40.8226981,2015,0,0
01/22/2015,4,-73.8686386,40.8248237,2015,0,2
01/22/2015,4,-73.9739594,40.7514411,2015,0,0
01/21/2015,4,-73.9346341,40.7394255,2015,0,0
01/21/2015,4,-74.0068099,40.7440605,2015,0,0
01/21/2015,4,-73.8008078,40.7629178,2015,0,0
01/19/2015,4,-73.7353338,40.665256,2015,0,0
01/19/2015,4,-73.9075311,40.8478155,2015,0,1
01/19/2015,4,-73.8877359,40.8770345,2015,0,0
01/19/2015,4,-73.7791894,40.738634,2015,0,0
01/19/2015,4,-73.8628456,40.8126743,2015,0,0
01/19/2015,4,-73.9177042,40.8345141,2015,0,0
01/19/2015,4,-73.9539412,40.6384959,2015,0,4
01/19/2015,4,-73.9198741,40.8631649,2015,0,0
01/18/2015,4,-73.8600383,40.7149333,2015,0,0
01/18/2015,4,-73.9327299,40.793375,2015,0,0
01/18/2015,4,-73.9417877,40.7215272,2015,0,0
01/18/2015,4,-73.8506631,40.901637,2015,0,0
01/18/2015,4,-73.9506603,40.7289951,2015,0,0
01/18/2015,4,-73.9835497,40.7342607,2015,0,0
01/18/2015,4,-73.8849295,40.8751681,2015,0,0
01/18/2015,4,-73.941285,40.6366868,2015,0,0
01/18/2015,4,-73.8974769,40.6781627,2015,0,0
01/18/2015,4,-73.9781227,40.7457274,2015,0,0
01/17/2015,4,-73.9865619,40.6843888,2015,0,0
01/17/2015,4,-73.9911785,40.7553303,2015,0,1
01/17/2015,4,-73.8487909,40.7387244,2015,0,1
01/17/2015,4,-73.8432427,40.8791098,2015,0,0
01/17/2015,4,-73.9877418,40.7383125,2015,0,0
01/17/2015,4,-73.9749156,40.7616682,2015,0,0
01/17/2015,4,-73.7086915,40.7331002,2015,0,0
01/17/2015,4,-73.809688,40.7073761,2015,0,0
01/17/2015,4,-73.8854886,40.7457933,2015,0,1
01/17/2015,4,-73.8942003,40.7005076,2015,0,0
01/16/2015,4,-73.9224105,40.7435926,2015,0,0
01/16/2015,4,-73.9898692,40.7255825,2015,0,1
01/15/2015,4,-73.9780606,40.6711137,2015,0,0
01/15/2015,4,-73.9335177,40.7985932,2015,0,0
01/15/2015,4,-74.0043798,40.7240541,2015,0,0
01/14/2015,4,-73.851724,40.8768429,2015,0,0
01/13/2015,4,-73.9732382,40.5969788,2015,0,0
01/13/2015,4,-73.8819824,40.8283569,2015,0,1
01/13/2015,4,-73.8469167,40.6859236,2015,0,1
01/12/2015,4,-73.8553122,40.8231912,2015,0,0
01/12/2015,4,-73.8974505,40.6184698,2015,0,0
01/11/2015,4,-73.7673526,40.6561603,2015,0,0
01/11/2015,4,-73.8974769,40.6781627,2015,0,0
01/11/2015,4,-73.9930696,40.7578281,2015,0,0
01/11/2015,4,-73.9770181,40.7138769,2015,0,1
01/10/2015,4,-73.8704655,40.7508936,2015,0,0
01/10/2015,4,-73.8924649,40.7657379,2015,0,0
01/10/2015,4,-73.9118139,40.8617318,2015,0,5
01/10/2015,4,-73.9847429,40.7395116,2015,0,0
01/10/2015,4,-74.0833037,40.5947174,2015,0,0
01/10/2015,4,-73.8127858,40.7756049,2015,0,0
01/09/2015,4,-73.9753944,40.7454414,2015,0,0
01/09/2015,4,-73.8916133,40.8209858,2015,0,0
01/07/2015,4,-73.9374202,40.8043758,2015,0,0
01/07/2015,4,-73.9256087,40.6524465,2015,0,0
01/07/2015,4,-73.867132,40.7556135,2015,0,0
01/07/2015,4,-73.9097163,40.7131166,2015,0,0
01/06/2015,4,-73.7896321,40.7090732,2015,0,0
01/06/2015,4,-73.9488333,40.7307071,2015,0,0
01/05/2015,4,-73.9146686,40.713436,2015,0,0
01/05/2015,4,-73.8249558,40.8461059,2015,0,0
01/05/2015,4,-74.0778017,40.5792516,2015,0,0
01/05/2015,4,-73.9313928,40.8137456,2015,0,1
01/05/2015,4,-74.0931584,40.594257,2015,0,0
01/04/2015,4,-74.1984068,40.545307,2015,0,0
01/04/2015,4,-74.0047439,40.6186711,2015,0,0
01/04/2015,4,-73.989053,40.7307234,2015,0,0
01/04/2015,4,-73.9661497,40.5866702,2015,0,1
01/04/2015,4,-73.9972406,40.6252889,2015,0,0
01/04/2015,4,-73.7603059,40.7616851,2015,0,0
01/04/2015,4,-73.9278103,40.6927742,2015,0,0
01/04/2015,4,-73.9518893,40.585935,2015,0,0
01/04/2015,4,-73.9623489,40.6985448,2015,0,0
01/04/2015,4,-73.7801008,40.7204823,2015,0,0
01/04/2015,4,-73.9813418,40.7586447,2015,0,0
01/04/2015,4,-73.9609091,40.7808583,2015,0,1
01/03/2015,4,-73.9136956,40.6764962,2015,0,5
01/03/2015,4,-73.8857144,40.8225547,2015,0,0
01/03/2015,4,-73.9265219,40.8081625,2015,0,0
01/03/2015,4,-73.9903419,40.7249321,2015,0,0
01/03/2015,4,-73.9270643,40.7648208,2015,0,0
01/03/2015,4,-73.7824451,40.7759661,2015,0,0
01/03/2015,4,-73.9227286,40.6622325,2015,0,0
01/03/2015,4,-73.8348431,40.6982694,2015,0,0
01/03/2015,4,-73.9488916,40.7111671,2015,0,0
01/03/2015,4,-73.8640726,40.7460747,2015,0,0
01/02/2015,4,-73.8726917,40.7550297,2015,0,0
01/01/2015,4,-74.0009562,40.7317065,2015,0,0
01/01/2015,4,-74.0106005,40.7298259,2015,0,0
01/01/2015,4,-73.9312529,40.753375,2015,0,0
01/01/2015,4,-73.789845,40.6930057,2015,0,0
01/01/2015,4,-73.9904595,40.709926,2015,0,0
01/01/2015,4,-73.8676827,40.8848529,2015,0,0
01/01/2015,4,-74.0149043,40.6303521,2015,0,2
01/01/2015,4,-73.8703694,40.7334973,2015,0,0
01/01/2015,4,-73.8617063,40.8445831,2015,0,0
01/01/2015,4,-73.9077096,40.7660832,2015,0,0
01/01/2015,4,-73.832233,40.7151185,2015,0,2
01/01/2015,4,-73.898388,40.6741204,2015,0,0
01/01/2015,4,-73.9493719,40.7768767,2015,0,0
01/01/2015,4,-73.7639748,40.7144471,2015,0,0
01/01/2015,4,-74.077292,40.614712,2015,0,0
01/01/2015,4,-73.994019,40.7565272,2015,0,1
01/01/2015,4,-73.9020981,40.8456427,2015,0,2
01/01/2015,4,-73.99911,40.6915381,2015,0,2
01/01/2015,4,-73.972362,40.7564966,2015,0,0
01/01/2015,4,-73.9493719,40.7768767,2015,0,1
01/01/2015,4,-73.9131496,40.8465765,2015,0,1
01/01/2015,4,-74.0014218,40.5731021,2015,0,4
